Year,SERIES,តំបន់យោង,ការរួមភេទ,កំរិតនគរូបនីយកម្ម,UNIT_MEASURE,Value
2004,៤.១.១.២ អត្រាបញ្ចប់ការសិក្សានៅមធ្យមសិក្សាបឋមភូមិ,,ស្រី,,ភាគរយ,20.0
2005,៤.១.១.២ អត្រាបញ្ចប់ការសិក្សានៅមធ្យមសិក្សាបឋមភូមិ,,ស្រី,,ភាគរយ,18.5
2006,៤.១.១.២ អត្រាបញ្ចប់ការសិក្សានៅមធ្យមសិក្សាបឋមភូមិ,,ស្រី,,ភាគរយ,35.2
2007,៤.១.១.២ អត្រាបញ្ចប់ការសិក្សានៅមធ្យមសិក្សាបឋមភូមិ,,ស្រី,,ភាគរយ,44.2
2008,៤.១.១.២ អត្រាបញ្ចប់ការសិក្សានៅមធ្យមសិក្សាបឋមភូមិ,,ស្រី,,ភាគរយ,45.9
2009,៤.១.១.២ អត្រាបញ្ចប់ការសិក្សានៅមធ្យមសិក្សាបឋមភូមិ,,ស្រី,,ភាគរយ,47.3
2010,៤.១.១.២ អត្រាបញ្ចប់ការសិក្សានៅមធ្យមសិក្សាបឋមភូមិ,,ស្រី,,ភាគរយ,44.3
2011,៤.១.១.២ អត្រាបញ្ចប់ការសិក្សានៅមធ្យមសិក្សាបឋមភូមិ,,ស្រី,,ភាគរយ,41.6
2012,៤.១.១.២ អត្រាបញ្ចប់ការសិក្សានៅមធ្យមសិក្សាបឋមភូមិ,,ស្រី,,ភាគរយ,40.4
2013,៤.១.១.២ អត្រាបញ្ចប់ការសិក្សានៅមធ្យមសិក្សាបឋមភូមិ,,ស្រី,,ភាគរយ,40.0
2014,៤.១.១.២ អត្រាបញ្ចប់ការសិក្សានៅមធ្យមសិក្សាបឋមភូមិ,,ស្រី,,ភាគរយ,41.8
2015,៤.១.១.២ អត្រាបញ្ចប់ការសិក្សានៅមធ្យមសិក្សាបឋមភូមិ,,ស្រី,,ភាគរយ,41.3
2016,៤.១.១.២ អត្រាបញ្ចប់ការសិក្សានៅមធ្យមសិក្សាបឋមភូមិ,,ស្រី,,ភាគរយ,46.0
2017,៤.១.១.២ អត្រាបញ្ចប់ការសិក្សានៅមធ្យមសិក្សាបឋមភូមិ,,ស្រី,,ភាគរយ,49.0
2018,៤.១.១.២ អត្រាបញ្ចប់ការសិក្សានៅមធ្យមសិក្សាបឋមភូមិ,,ស្រី,,ភាគរយ,50.2
2019,៤.១.១.២ អត្រាបញ្ចប់ការសិក្សានៅមធ្យមសិក្សាបឋមភូមិ,,ស្រី,,ភាគរយ,49.5
2004,៤.១.១.២ អត្រាបញ្ចប់ការសិក្សានៅមធ្យមសិក្សាបឋមភូមិ,,ស្រី,ទីប្រជុំជន,ភាគរយ,37.3
2005,៤.១.១.២ អត្រាបញ្ចប់ការសិក្សានៅមធ្យមសិក្សាបឋមភូមិ,,ស្រី,ទីប្រជុំជន,ភាគរយ,33.8
2006,៤.១.១.២ អត្រាបញ្ចប់ការសិក្សានៅមធ្យមសិក្សាបឋមភូមិ,,ស្រី,ទីប្រជុំជន,ភាគរយ,70.1
2007,៤.១.១.២ អត្រាបញ្ចប់ការសិក្សានៅមធ្យមសិក្សាបឋមភូមិ,,ស្រី,ទីប្រជុំជន,ភាគរយ,79.8
2008,៤.១.១.២ អត្រាបញ្ចប់ការសិក្សានៅមធ្យមសិក្សាបឋមភូមិ,,ស្រី,ទីប្រជុំជន,ភាគរយ,73.1
2009,៤.១.១.២ អត្រាបញ្ចប់ការសិក្សានៅមធ្យមសិក្សាបឋមភូមិ,,ស្រី,ទីប្រជុំជន,ភាគរយ,64.8
2010,៤.១.១.២ អត្រាបញ្ចប់ការសិក្សានៅមធ្យមសិក្សាបឋមភូមិ,,ស្រី,ទីប្រជុំជន,ភាគរយ,55.9
2011,៤.១.១.២ អត្រាបញ្ចប់ការសិក្សានៅមធ្យមសិក្សាបឋមភូមិ,,ស្រី,ទីប្រជុំជន,ភាគរយ,50.3
2012,៤.១.១.២ អត្រាបញ្ចប់ការសិក្សានៅមធ្យមសិក្សាបឋមភូមិ,,ស្រី,ទីប្រជុំជន,ភាគរយ,50.9
2013,៤.១.១.២ អត្រាបញ្ចប់ការសិក្សានៅមធ្យមសិក្សាបឋមភូមិ,,ស្រី,ទីប្រជុំជន,ភាគរយ,50.0
2014,៤.១.១.២ អត្រាបញ្ចប់ការសិក្សានៅមធ្យមសិក្សាបឋមភូមិ,,ស្រី,ទីប្រជុំជន,ភាគរយ,49.7
2015,៤.១.១.២ អត្រាបញ្ចប់ការសិក្សានៅមធ្យមសិក្សាបឋមភូមិ,,ស្រី,ទីប្រជុំជន,ភាគរយ,44.7
2016,៤.១.១.២ អត្រាបញ្ចប់ការសិក្សានៅមធ្យមសិក្សាបឋមភូមិ,,ស្រី,ទីប្រជុំជន,ភាគរយ,46.4
2017,៤.១.១.២ អត្រាបញ្ចប់ការសិក្សានៅមធ្យមសិក្សាបឋមភូមិ,,ស្រី,ទីប្រជុំជន,ភាគរយ,47.8
2018,៤.១.១.២ អត្រាបញ្ចប់ការសិក្សានៅមធ្យមសិក្សាបឋមភូមិ,,ស្រី,ទីប្រជុំជន,ភាគរយ,48.3
2019,៤.១.១.២ អត្រាបញ្ចប់ការសិក្សានៅមធ្យមសិក្សាបឋមភូមិ,,ស្រី,ទីប្រជុំជន,ភាគរយ,48.2
2004,៤.១.១.២ អត្រាបញ្ចប់ការសិក្សានៅមធ្យមសិក្សាបឋមភូមិ,,ស្រី,ជនបទ,ភាគរយ,15.6
2005,៤.១.១.២ អត្រាបញ្ចប់ការសិក្សានៅមធ្យមសិក្សាបឋមភូមិ,,ស្រី,ជនបទ,ភាគរយ,15.2
2006,៤.១.១.២ អត្រាបញ្ចប់ការសិក្សានៅមធ្យមសិក្សាបឋមភូមិ,,ស្រី,ជនបទ,ភាគរយ,29.5
2007,៤.១.១.២ អត្រាបញ្ចប់ការសិក្សានៅមធ្យមសិក្សាបឋមភូមិ,,ស្រី,ជនបទ,ភាគរយ,38.4
2008,៤.១.១.២ អត្រាបញ្ចប់ការសិក្សានៅមធ្យមសិក្សាបឋមភូមិ,,ស្រី,ជនបទ,ភាគរយ,41.5
2009,៤.១.១.២ អត្រាបញ្ចប់ការសិក្សានៅមធ្យមសិក្សាបឋមភូមិ,,ស្រី,ជនបទ,ភាគរយ,43.7
2010,៤.១.១.២ អត្រាបញ្ចប់ការសិក្សានៅមធ្យមសិក្សាបឋមភូមិ,,ស្រី,ជនបទ,ភាគរយ,41.4
2011,៤.១.១.២ អត្រាបញ្ចប់ការសិក្សានៅមធ្យមសិក្សាបឋមភូមិ,,ស្រី,ជនបទ,ភាគរយ,39.5
2012,៤.១.១.២ អត្រាបញ្ចប់ការសិក្សានៅមធ្យមសិក្សាបឋមភូមិ,,ស្រី,ជនបទ,ភាគរយ,37.7
2013,៤.១.១.២ អត្រាបញ្ចប់ការសិក្សានៅមធ្យមសិក្សាបឋមភូមិ,,ស្រី,ជនបទ,ភាគរយ,37.6
2014,៤.១.១.២ អត្រាបញ្ចប់ការសិក្សានៅមធ្យមសិក្សាបឋមភូមិ,,ស្រី,ជនបទ,ភាគរយ,39.8
2015,៤.១.១.២ អត្រាបញ្ចប់ការសិក្សានៅមធ្យមសិក្សាបឋមភូមិ,,ស្រី,ជនបទ,ភាគរយ,40.4
2016,៤.១.១.២ អត្រាបញ្ចប់ការសិក្សានៅមធ្យមសិក្សាបឋមភូមិ,,ស្រី,ជនបទ,ភាគរយ,45.9
2017,៤.១.១.២ អត្រាបញ្ចប់ការសិក្សានៅមធ្យមសិក្សាបឋមភូមិ,,ស្រី,ជនបទ,ភាគរយ,49.3
2018,៤.១.១.២ អត្រាបញ្ចប់ការសិក្សានៅមធ្យមសិក្សាបឋមភូមិ,,ស្រី,ជនបទ,ភាគរយ,50.7
2019,៤.១.១.២ អត្រាបញ្ចប់ការសិក្សានៅមធ្យមសិក្សាបឋមភូមិ,,ស្រី,ជនបទ,ភាគរយ,49.9
2004,៤.១.១.២ អត្រាបញ្ចប់ការសិក្សានៅមធ្យមសិក្សាបឋមភូមិ,,ស្រី,តំបន់ដាច់ស្រយាល,ភាគរយ,14.9
2005,៤.១.១.២ អត្រាបញ្ចប់ការសិក្សានៅមធ្យមសិក្សាបឋមភូមិ,,ស្រី,តំបន់ដាច់ស្រយាល,ភាគរយ,10.6
2006,៤.១.១.២ អត្រាបញ្ចប់ការសិក្សានៅមធ្យមសិក្សាបឋមភូមិ,,ស្រី,តំបន់ដាច់ស្រយាល,ភាគរយ,11.8
2007,៤.១.១.២ អត្រាបញ្ចប់ការសិក្សានៅមធ្យមសិក្សាបឋមភូមិ,,ស្រី,តំបន់ដាច់ស្រយាល,ភាគរយ,16.8
2008,៤.១.១.២ អត្រាបញ្ចប់ការសិក្សានៅមធ្យមសិក្សាបឋមភូមិ,,ស្រី,តំបន់ដាច់ស្រយាល,ភាគរយ,20.2
2005,៤.១.១.២ អត្រាបញ្ចប់ការសិក្សានៅមធ្យមសិក្សាបឋមភូមិ,,ប្រុស,,ភាគរយ,20.0
2006,៤.១.១.២ អត្រាបញ្ចប់ការសិក្សានៅមធ្យមសិក្សាបឋមភូមិ,,ប្រុស,,ភាគរយ,48.8
2007,៤.១.១.២ អត្រាបញ្ចប់ការសិក្សានៅមធ្យមសិក្សាបឋមភូមិ,,ប្រុស,,ភាគរយ,52.9
2008,៤.១.១.២ អត្រាបញ្ចប់ការសិក្សានៅមធ្យមសិក្សាបឋមភូមិ,,ប្រុស,,ភាគរយ,52.1
2009,៤.១.១.២ អត្រាបញ្ចប់ការសិក្សានៅមធ្យមសិក្សាបឋមភូមិ,,ប្រុស,,ភាគរយ,50.0
2010,៤.១.១.២ អត្រាបញ្ចប់ការសិក្សានៅមធ្យមសិក្សាបឋមភូមិ,,ប្រុស,,ភាគរយ,44.6
2011,៤.១.១.២ អត្រាបញ្ចប់ការសិក្សានៅមធ្យមសិក្សាបឋមភូមិ,,ប្រុស,,ភាគរយ,42.6
2012,៤.១.១.២ អត្រាបញ្ចប់ការសិក្សានៅមធ្យមសិក្សាបឋមភូមិ,,ប្រុស,,ភាគរយ,42.2
2013,៤.១.១.២ អត្រាបញ្ចប់ការសិក្សានៅមធ្យមសិក្សាបឋមភូមិ,,ប្រុស,,ភាគរយ,38.2
2014,៤.១.១.២ អត្រាបញ្ចប់ការសិក្សានៅមធ្យមសិក្សាបឋមភូមិ,,ប្រុស,,ភាគរយ,38.9
2015,៤.១.១.២ អត្រាបញ្ចប់ការសិក្សានៅមធ្យមសិក្សាបឋមភូមិ,,ប្រុស,,ភាគរយ,37.3
2016,៤.១.១.២ អត្រាបញ្ចប់ការសិក្សានៅមធ្យមសិក្សាបឋមភូមិ,,ប្រុស,,ភាគរយ,39.4
2017,៤.១.១.២ អត្រាបញ្ចប់ការសិក្សានៅមធ្យមសិក្សាបឋមភូមិ,,ប្រុស,,ភាគរយ,40.4
2018,៤.១.១.២ អត្រាបញ្ចប់ការសិក្សានៅមធ្យមសិក្សាបឋមភូមិ,,ប្រុស,,ភាគរយ,40.7
2019,៤.១.១.២ អត្រាបញ្ចប់ការសិក្សានៅមធ្យមសិក្សាបឋមភូមិ,,ប្រុស,,ភាគរយ,39.7
2005,៤.១.១.២ អត្រាបញ្ចប់ការសិក្សានៅមធ្យមសិក្សាបឋមភូមិ,,ប្រុស,ទីប្រជុំជន,ភាគរយ,33.4
2006,៤.១.១.២ អត្រាបញ្ចប់ការសិក្សានៅមធ្យមសិក្សាបឋមភូមិ,,ប្រុស,ទីប្រជុំជន,ភាគរយ,81.4
2007,៤.១.១.២ អត្រាបញ្ចប់ការសិក្សានៅមធ្យមសិក្សាបឋមភូមិ,,ប្រុស,ទីប្រជុំជន,ភាគរយ,86.6
2008,៤.១.១.២ អត្រាបញ្ចប់ការសិក្សានៅមធ្យមសិក្សាបឋមភូមិ,,ប្រុស,ទីប្រជុំជន,ភាគរយ,85.1
2009,៤.១.១.២ អត្រាបញ្ចប់ការសិក្សានៅមធ្យមសិក្សាបឋមភូមិ,,ប្រុស,ទីប្រជុំជន,ភាគរយ,71.5
2010,៤.១.១.២ អត្រាបញ្ចប់ការសិក្សានៅមធ្យមសិក្សាបឋមភូមិ,,ប្រុស,ទីប្រជុំជន,ភាគរយ,66.0
2011,៤.១.១.២ អត្រាបញ្ចប់ការសិក្សានៅមធ្យមសិក្សាបឋមភូមិ,,ប្រុស,ទីប្រជុំជន,ភាគរយ,54.8
2012,៤.១.១.២ អត្រាបញ្ចប់ការសិក្សានៅមធ្យមសិក្សាបឋមភូមិ,,ប្រុស,ទីប្រជុំជន,ភាគរយ,52.1
2013,៤.១.១.២ អត្រាបញ្ចប់ការសិក្សានៅមធ្យមសិក្សាបឋមភូមិ,,ប្រុស,ទីប្រជុំជន,ភាគរយ,49.5
2014,៤.១.១.២ អត្រាបញ្ចប់ការសិក្សានៅមធ្យមសិក្សាបឋមភូមិ,,ប្រុស,ទីប្រជុំជន,ភាគរយ,49.5
2015,៤.១.១.២ អត្រាបញ្ចប់ការសិក្សានៅមធ្យមសិក្សាបឋមភូមិ,,ប្រុស,ទីប្រជុំជន,ភាគរយ,44.4
2016,៤.១.១.២ អត្រាបញ្ចប់ការសិក្សានៅមធ្យមសិក្សាបឋមភូមិ,,ប្រុស,ទីប្រជុំជន,ភាគរយ,43.7
2017,៤.១.១.២ អត្រាបញ្ចប់ការសិក្សានៅមធ្យមសិក្សាបឋមភូមិ,,ប្រុស,ទីប្រជុំជន,ភាគរយ,43.4
2018,៤.១.១.២ អត្រាបញ្ចប់ការសិក្សានៅមធ្យមសិក្សាបឋមភូមិ,,ប្រុស,ទីប្រជុំជន,ភាគរយ,43.3
2019,៤.១.១.២ អត្រាបញ្ចប់ការសិក្សានៅមធ្យមសិក្សាបឋមភូមិ,,ប្រុស,ទីប្រជុំជន,ភាគរយ,43.8
2005,៤.១.១.២ អត្រាបញ្ចប់ការសិក្សានៅមធ្យមសិក្សាបឋមភូមិ,,ប្រុស,ជនបទ,ភាគរយ,17.1
2006,៤.១.១.២ អត្រាបញ្ចប់ការសិក្សានៅមធ្យមសិក្សាបឋមភូមិ,,ប្រុស,ជនបទ,ភាគរយ,43.2
2007,៤.១.១.២ អត្រាបញ្ចប់ការសិក្សានៅមធ្យមសិក្សាបឋមភូមិ,,ប្រុស,ជនបទ,ភាគរយ,47.4
2008,៤.១.១.២ អត្រាបញ្ចប់ការសិក្សានៅមធ្យមសិក្សាបឋមភូមិ,,ប្រុស,ជនបទ,ភាគរយ,47.1
2009,៤.១.១.២ អត្រាបញ្ចប់ការសិក្សានៅមធ្យមសិក្សាបឋមភូមិ,,ប្រុស,ជនបទ,ភាគរយ,45.7
2010,៤.១.១.២ អត្រាបញ្ចប់ការសិក្សានៅមធ្យមសិក្សាបឋមភូមិ,,ប្រុស,ជនបទ,ភាគរយ,40.2
2011,៤.១.១.២ អត្រាបញ្ចប់ការសិក្សានៅមធ្យមសិក្សាបឋមភូមិ,,ប្រុស,ជនបទ,ភាគរយ,39.8
2012,៤.១.១.២ អត្រាបញ្ចប់ការសិក្សានៅមធ្យមសិក្សាបឋមភូមិ,,ប្រុស,ជនបទ,ភាគរយ,37.8
2013,៤.១.១.២ អត្រាបញ្ចប់ការសិក្សានៅមធ្យមសិក្សាបឋមភូមិ,,ប្រុស,ជនបទ,ភាគរយ,35.6
2014,៤.១.១.២ អត្រាបញ្ចប់ការសិក្សានៅមធ្យមសិក្សាបឋមភូមិ,,ប្រុស,ជនបទ,ភាគរយ,36.3
2015,៤.១.១.២ អត្រាបញ្ចប់ការសិក្សានៅមធ្យមសិក្សាបឋមភូមិ,,ប្រុស,ជនបទ,ភាគរយ,35.6
2016,៤.១.១.២ អត្រាបញ្ចប់ការសិក្សានៅមធ្យមសិក្សាបឋមភូមិ,,ប្រុស,ជនបទ,ភាគរយ,38.3
2017,៤.១.១.២ អត្រាបញ្ចប់ការសិក្សានៅមធ្យមសិក្សាបឋមភូមិ,,ប្រុស,ជនបទ,ភាគរយ,39.6
2018,៤.១.១.២ អត្រាបញ្ចប់ការសិក្សានៅមធ្យមសិក្សាបឋមភូមិ,,ប្រុស,ជនបទ,ភាគរយ,40.0
2019,៤.១.១.២ អត្រាបញ្ចប់ការសិក្សានៅមធ្យមសិក្សាបឋមភូមិ,,ប្រុស,ជនបទ,ភាគរយ,38.7
2005,៤.១.១.២ អត្រាបញ្ចប់ការសិក្សានៅមធ្យមសិក្សាបឋមភូមិ,,ប្រុស,តំបន់ដាច់ស្រយាល,ភាគរយ,13.7
2006,៤.១.១.២ អត្រាបញ្ចប់ការសិក្សានៅមធ្យមសិក្សាបឋមភូមិ,,ប្រុស,តំបន់ដាច់ស្រយាល,ភាគរយ,16.1
2007,៤.១.១.២ អត្រាបញ្ចប់ការសិក្សានៅមធ្យមសិក្សាបឋមភូមិ,,ប្រុស,តំបន់ដាច់ស្រយាល,ភាគរយ,19.6
2008,៤.១.១.២ អត្រាបញ្ចប់ការសិក្សានៅមធ្យមសិក្សាបឋមភូមិ,,ប្រុស,តំបន់ដាច់ស្រយាល,ភាគរយ,24.0
2004,៤.១.១.២ អត្រាបញ្ចប់ការសិក្សានៅមធ្យមសិក្សាបឋមភូមិ,,,,ភាគរយ,20.6
2005,៤.១.១.២ អត្រាបញ្ចប់ការសិក្សានៅមធ្យមសិក្សាបឋមភូមិ,,,,ភាគរយ,19.3
2006,៤.១.១.២ អត្រាបញ្ចប់ការសិក្សានៅមធ្យមសិក្សាបឋមភូមិ,,,,ភាគរយ,41.9
2007,៤.១.១.២ អត្រាបញ្ចប់ការសិក្សានៅមធ្យមសិក្សាបឋមភូមិ,,,,ភាគរយ,48.7
2008,៤.១.១.២ អត្រាបញ្ចប់ការសិក្សានៅមធ្យមសិក្សាបឋមភូមិ,,,,ភាគរយ,49.0
2009,៤.១.១.២ អត្រាបញ្ចប់ការសិក្សានៅមធ្យមសិក្សាបឋមភូមិ,,,,ភាគរយ,48.7
2010,៤.១.១.២ អត្រាបញ្ចប់ការសិក្សានៅមធ្យមសិក្សាបឋមភូមិ,,,,ភាគរយ,44.4
2011,៤.១.១.២ អត្រាបញ្ចប់ការសិក្សានៅមធ្យមសិក្សាបឋមភូមិ,,,,ភាគរយ,42.1
2012,៤.១.១.២ អត្រាបញ្ចប់ការសិក្សានៅមធ្យមសិក្សាបឋមភូមិ,,,,ភាគរយ,40.6
2013,៤.១.១.២ អត្រាបញ្ចប់ការសិក្សានៅមធ្យមសិក្សាបឋមភូមិ,,,,ភាគរយ,39.1
2014,៤.១.១.២ អត្រាបញ្ចប់ការសិក្សានៅមធ្យមសិក្សាបឋមភូមិ,,,,ភាគរយ,40.3
2015,៤.១.១.២ អត្រាបញ្ចប់ការសិក្សានៅមធ្យមសិក្សាបឋមភូមិ,,,,ភាគរយ,39.2
2016,៤.១.១.២ អត្រាបញ្ចប់ការសិក្សានៅមធ្យមសិក្សាបឋមភូមិ,,,,ភាគរយ,42.6
2017,៤.១.១.២ អត្រាបញ្ចប់ការសិក្សានៅមធ្យមសិក្សាបឋមភូមិ,,,,ភាគរយ,44.5
2018,៤.១.១.២ អត្រាបញ្ចប់ការសិក្សានៅមធ្យមសិក្សាបឋមភូមិ,,,,ភាគរយ,45.3
2019,៤.១.១.២ អត្រាបញ្ចប់ការសិក្សានៅមធ្យមសិក្សាបឋមភូមិ,,,,ភាគរយ,44.5
2004,៤.១.១.២ អត្រាបញ្ចប់ការសិក្សានៅមធ្យមសិក្សាបឋមភូមិ,,,ទីប្រជុំជន,ភាគរយ,36.7
2005,៤.១.១.២ អត្រាបញ្ចប់ការសិក្សានៅមធ្យមសិក្សាបឋមភូមិ,,,ទីប្រជុំជន,ភាគរយ,33.6
2006,៤.១.១.២ អត្រាបញ្ចប់ការសិក្សានៅមធ្យមសិក្សាបឋមភូមិ,,,ទីប្រជុំជន,ភាគរយ,75.9
2007,៤.១.១.២ អត្រាបញ្ចប់ការសិក្សានៅមធ្យមសិក្សាបឋមភូមិ,,,ទីប្រជុំជន,ភាគរយ,83.3
2008,៤.១.១.២ អត្រាបញ្ចប់ការសិក្សានៅមធ្យមសិក្សាបឋមភូមិ,,,ទីប្រជុំជន,ភាគរយ,79.0
2009,៤.១.១.២ អត្រាបញ្ចប់ការសិក្សានៅមធ្យមសិក្សាបឋមភូមិ,,,ទីប្រជុំជន,ភាគរយ,68.2
2010,៤.១.១.២ អត្រាបញ្ចប់ការសិក្សានៅមធ្យមសិក្សាបឋមភូមិ,,,ទីប្រជុំជន,ភាគរយ,60.8
2011,៤.១.១.២ អត្រាបញ្ចប់ការសិក្សានៅមធ្យមសិក្សាបឋមភូមិ,,,ទីប្រជុំជន,ភាគរយ,52.6
2012,៤.១.១.២ អត្រាបញ្ចប់ការសិក្សានៅមធ្យមសិក្សាបឋមភូមិ,,,ទីប្រជុំជន,ភាគរយ,51.5
2013,៤.១.១.២ អត្រាបញ្ចប់ការសិក្សានៅមធ្យមសិក្សាបឋមភូមិ,,,ទីប្រជុំជន,ភាគរយ,49.7
2014,៤.១.១.២ អត្រាបញ្ចប់ការសិក្សានៅមធ្យមសិក្សាបឋមភូមិ,,,ទីប្រជុំជន,ភាគរយ,49.6
2015,៤.១.១.២ អត្រាបញ្ចប់ការសិក្សានៅមធ្យមសិក្សាបឋមភូមិ,,,ទីប្រជុំជន,ភាគរយ,44.5
2016,៤.១.១.២ អត្រាបញ្ចប់ការសិក្សានៅមធ្យមសិក្សាបឋមភូមិ,,,ទីប្រជុំជន,ភាគរយ,45.0
2017,៤.១.១.២ អត្រាបញ្ចប់ការសិក្សានៅមធ្យមសិក្សាបឋមភូមិ,,,ទីប្រជុំជន,ភាគរយ,45.6
2018,៤.១.១.២ អត្រាបញ្ចប់ការសិក្សានៅមធ្យមសិក្សាបឋមភូមិ,,,ទីប្រជុំជន,ភាគរយ,45.8
2019,៤.១.១.២ អត្រាបញ្ចប់ការសិក្សានៅមធ្យមសិក្សាបឋមភូមិ,,,ទីប្រជុំជន,ភាគរយ,46.0
2004,៤.១.១.២ អត្រាបញ្ចប់ការសិក្សានៅមធ្យមសិក្សាបឋមភូមិ,,,ជនបទ,ភាគរយ,16.7
2005,៤.១.១.២ អត្រាបញ្ចប់ការសិក្សានៅមធ្យមសិក្សាបឋមភូមិ,,,ជនបទ,ភាគរយ,16.2
2006,៤.១.១.២ អត្រាបញ្ចប់ការសិក្សានៅមធ្យមសិក្សាបឋមភូមិ,,,ជនបទ,ភាគរយ,36.2
2007,៤.១.១.២ អត្រាបញ្ចប់ការសិក្សានៅមធ្យមសិក្សាបឋមភូមិ,,,ជនបទ,ភាគរយ,43.0
2008,៤.១.១.២ អត្រាបញ្ចប់ការសិក្សានៅមធ្យមសិក្សាបឋមភូមិ,,,ជនបទ,ភាគរយ,44.3
2009,៤.១.១.២ អត្រាបញ្ចប់ការសិក្សានៅមធ្យមសិក្សាបឋមភូមិ,,,ជនបទ,ភាគរយ,44.7
2010,៤.១.១.២ អត្រាបញ្ចប់ការសិក្សានៅមធ្យមសិក្សាបឋមភូមិ,,,ជនបទ,ភាគរយ,40.8
2011,៤.១.១.២ អត្រាបញ្ចប់ការសិក្សានៅមធ្យមសិក្សាបឋមភូមិ,,,ជនបទ,ភាគរយ,39.7
2012,៤.១.១.២ អត្រាបញ្ចប់ការសិក្សានៅមធ្យមសិក្សាបឋមភូមិ,,,ជនបទ,ភាគរយ,37.7
2013,៤.១.១.២ អត្រាបញ្ចប់ការសិក្សានៅមធ្យមសិក្សាបឋមភូមិ,,,ជនបទ,ភាគរយ,36.6
2014,៤.១.១.២ អត្រាបញ្ចប់ការសិក្សានៅមធ្យមសិក្សាបឋមភូមិ,,,ជនបទ,ភាគរយ,38.0
2015,៤.១.១.២ អត្រាបញ្ចប់ការសិក្សានៅមធ្យមសិក្សាបឋមភូមិ,,,ជនបទ,ភាគរយ,37.9
2016,៤.១.១.២ អត្រាបញ្ចប់ការសិក្សានៅមធ្យមសិក្សាបឋមភូមិ,,,ជនបទ,ភាគរយ,42.0
2017,៤.១.១.២ អត្រាបញ្ចប់ការសិក្សានៅមធ្យមសិក្សាបឋមភូមិ,,,ជនបទ,ភាគរយ,44.3
2018,៤.១.១.២ អត្រាបញ្ចប់ការសិក្សានៅមធ្យមសិក្សាបឋមភូមិ,,,ជនបទ,ភាគរយ,45.1
2019,៤.១.១.២ អត្រាបញ្ចប់ការសិក្សានៅមធ្យមសិក្សាបឋមភូមិ,,,ជនបទ,ភាគរយ,44.1
2004,៤.១.១.២ អត្រាបញ្ចប់ការសិក្សានៅមធ្យមសិក្សាបឋមភូមិ,,,តំបន់ដាច់ស្រយាល,ភាគរយ,15.1
2005,៤.១.១.២ អត្រាបញ្ចប់ការសិក្សានៅមធ្យមសិក្សាបឋមភូមិ,,,តំបន់ដាច់ស្រយាល,ភាគរយ,12.1
2006,៤.១.១.២ អត្រាបញ្ចប់ការសិក្សានៅមធ្យមសិក្សាបឋមភូមិ,,,តំបន់ដាច់ស្រយាល,ភាគរយ,14.0
2007,៤.១.១.២ អត្រាបញ្ចប់ការសិក្សានៅមធ្យមសិក្សាបឋមភូមិ,,,តំបន់ដាច់ស្រយាល,ភាគរយ,18.3
2008,៤.១.១.២ អត្រាបញ្ចប់ការសិក្សានៅមធ្យមសិក្សាបឋមភូមិ,,,តំបន់ដាច់ស្រយាល,ភាគរយ,22.0
2009,៤.១.១.២ អត្រាបញ្ចប់ការសិក្សានៅមធ្យមសិក្សាបឋមភូមិ,បន្ទាយមានជ័យ,ស្រី,,ភាគរយ,47.9
2010,៤.១.១.២ អត្រាបញ្ចប់ការសិក្សានៅមធ្យមសិក្សាបឋមភូមិ,បន្ទាយមានជ័យ,ស្រី,,ភាគរយ,51.4
2011,៤.១.១.២ អត្រាបញ្ចប់ការសិក្សានៅមធ្យមសិក្សាបឋមភូមិ,បន្ទាយមានជ័យ,ស្រី,,ភាគរយ,37.3
2012,៤.១.១.២ អត្រាបញ្ចប់ការសិក្សានៅមធ្យមសិក្សាបឋមភូមិ,បន្ទាយមានជ័យ,ស្រី,,ភាគរយ,34.5
2013,៤.១.១.២ អត្រាបញ្ចប់ការសិក្សានៅមធ្យមសិក្សាបឋមភូមិ,បន្ទាយមានជ័យ,ស្រី,,ភាគរយ,32.6
2014,៤.១.១.២ អត្រាបញ្ចប់ការសិក្សានៅមធ្យមសិក្សាបឋមភូមិ,បន្ទាយមានជ័យ,ស្រី,,ភាគរយ,34.5
2015,៤.១.១.២ អត្រាបញ្ចប់ការសិក្សានៅមធ្យមសិក្សាបឋមភូមិ,បន្ទាយមានជ័យ,ស្រី,,ភាគរយ,33.1
2016,៤.១.១.២ អត្រាបញ្ចប់ការសិក្សានៅមធ្យមសិក្សាបឋមភូមិ,បន្ទាយមានជ័យ,ស្រី,,ភាគរយ,36.7
2017,៤.១.១.២ អត្រាបញ្ចប់ការសិក្សានៅមធ្យមសិក្សាបឋមភូមិ,បន្ទាយមានជ័យ,ស្រី,,ភាគរយ,38.2
2018,៤.១.១.២ អត្រាបញ្ចប់ការសិក្សានៅមធ្យមសិក្សាបឋមភូមិ,បន្ទាយមានជ័យ,ស្រី,,ភាគរយ,41.3
2019,៤.១.១.២ អត្រាបញ្ចប់ការសិក្សានៅមធ្យមសិក្សាបឋមភូមិ,បន្ទាយមានជ័យ,ស្រី,,ភាគរយ,41.4
2009,៤.១.១.២ អត្រាបញ្ចប់ការសិក្សានៅមធ្យមសិក្សាបឋមភូមិ,បន្ទាយមានជ័យ,ប្រុស,,ភាគរយ,46.0
2010,៤.១.១.២ អត្រាបញ្ចប់ការសិក្សានៅមធ្យមសិក្សាបឋមភូមិ,បន្ទាយមានជ័យ,ប្រុស,,ភាគរយ,50.4
2011,៤.១.១.២ អត្រាបញ្ចប់ការសិក្សានៅមធ្យមសិក្សាបឋមភូមិ,បន្ទាយមានជ័យ,ប្រុស,,ភាគរយ,34.2
2012,៤.១.១.២ អត្រាបញ្ចប់ការសិក្សានៅមធ្យមសិក្សាបឋមភូមិ,បន្ទាយមានជ័យ,ប្រុស,,ភាគរយ,29.8
2013,៤.១.១.២ អត្រាបញ្ចប់ការសិក្សានៅមធ្យមសិក្សាបឋមភូមិ,បន្ទាយមានជ័យ,ប្រុស,,ភាគរយ,28.5
2014,៤.១.១.២ អត្រាបញ្ចប់ការសិក្សានៅមធ្យមសិក្សាបឋមភូមិ,បន្ទាយមានជ័យ,ប្រុស,,ភាគរយ,28.9
2015,៤.១.១.២ អត្រាបញ្ចប់ការសិក្សានៅមធ្យមសិក្សាបឋមភូមិ,បន្ទាយមានជ័យ,ប្រុស,,ភាគរយ,28.8
2016,៤.១.១.២ អត្រាបញ្ចប់ការសិក្សានៅមធ្យមសិក្សាបឋមភូមិ,បន្ទាយមានជ័យ,ប្រុស,,ភាគរយ,31.8
2017,៤.១.១.២ អត្រាបញ្ចប់ការសិក្សានៅមធ្យមសិក្សាបឋមភូមិ,បន្ទាយមានជ័យ,ប្រុស,,ភាគរយ,31.3
2018,៤.១.១.២ អត្រាបញ្ចប់ការសិក្សានៅមធ្យមសិក្សាបឋមភូមិ,បន្ទាយមានជ័យ,ប្រុស,,ភាគរយ,31.9
2019,៤.១.១.២ អត្រាបញ្ចប់ការសិក្សានៅមធ្យមសិក្សាបឋមភូមិ,បន្ទាយមានជ័យ,ប្រុស,,ភាគរយ,31.6
2009,៤.១.១.២ អត្រាបញ្ចប់ការសិក្សានៅមធ្យមសិក្សាបឋមភូមិ,បន្ទាយមានជ័យ,,,ភាគរយ,46.9
2010,៤.១.១.២ អត្រាបញ្ចប់ការសិក្សានៅមធ្យមសិក្សាបឋមភូមិ,បន្ទាយមានជ័យ,,,ភាគរយ,50.9
2011,៤.១.១.២ អត្រាបញ្ចប់ការសិក្សានៅមធ្យមសិក្សាបឋមភូមិ,បន្ទាយមានជ័យ,,,ភាគរយ,35.7
2012,៤.១.១.២ អត្រាបញ្ចប់ការសិក្សានៅមធ្យមសិក្សាបឋមភូមិ,បន្ទាយមានជ័យ,,,ភាគរយ,32.1
2013,៤.១.១.២ អត្រាបញ្ចប់ការសិក្សានៅមធ្យមសិក្សាបឋមភូមិ,បន្ទាយមានជ័យ,,,ភាគរយ,30.5
2014,៤.១.១.២ អត្រាបញ្ចប់ការសិក្សានៅមធ្យមសិក្សាបឋមភូមិ,បន្ទាយមានជ័យ,,,ភាគរយ,31.6
2015,៤.១.១.២ អត្រាបញ្ចប់ការសិក្សានៅមធ្យមសិក្សាបឋមភូមិ,បន្ទាយមានជ័យ,,,ភាគរយ,30.9
2016,៤.១.១.២ អត្រាបញ្ចប់ការសិក្សានៅមធ្យមសិក្សាបឋមភូមិ,បន្ទាយមានជ័យ,,,ភាគរយ,34.2
2017,៤.១.១.២ អត្រាបញ្ចប់ការសិក្សានៅមធ្យមសិក្សាបឋមភូមិ,បន្ទាយមានជ័យ,,,ភាគរយ,34.6
2018,៤.១.១.២ អត្រាបញ្ចប់ការសិក្សានៅមធ្យមសិក្សាបឋមភូមិ,បន្ទាយមានជ័យ,,,ភាគរយ,36.4
2019,៤.១.១.២ អត្រាបញ្ចប់ការសិក្សានៅមធ្យមសិក្សាបឋមភូមិ,បន្ទាយមានជ័យ,,,ភាគរយ,36.3
2009,៤.១.១.២ អត្រាបញ្ចប់ការសិក្សានៅមធ្យមសិក្សាបឋមភូមិ,បាត់ដំបង,ស្រី,,ភាគរយ,46.5
2010,៤.១.១.២ អត្រាបញ្ចប់ការសិក្សានៅមធ្យមសិក្សាបឋមភូមិ,បាត់ដំបង,ស្រី,,ភាគរយ,41.6
2011,៤.១.១.២ អត្រាបញ្ចប់ការសិក្សានៅមធ្យមសិក្សាបឋមភូមិ,បាត់ដំបង,ស្រី,,ភាគរយ,38.6
2012,៤.១.១.២ អត្រាបញ្ចប់ការសិក្សានៅមធ្យមសិក្សាបឋមភូមិ,បាត់ដំបង,ស្រី,,ភាគរយ,35.6
2013,៤.១.១.២ អត្រាបញ្ចប់ការសិក្សានៅមធ្យមសិក្សាបឋមភូមិ,បាត់ដំបង,ស្រី,,ភាគរយ,34.9
2014,៤.១.១.២ អត្រាបញ្ចប់ការសិក្សានៅមធ្យមសិក្សាបឋមភូមិ,បាត់ដំបង,ស្រី,,ភាគរយ,35.4
2015,៤.១.១.២ អត្រាបញ្ចប់ការសិក្សានៅមធ្យមសិក្សាបឋមភូមិ,បាត់ដំបង,ស្រី,,ភាគរយ,34.6
2016,៤.១.១.២ អត្រាបញ្ចប់ការសិក្សានៅមធ្យមសិក្សាបឋមភូមិ,បាត់ដំបង,ស្រី,,ភាគរយ,36.3
2017,៤.១.១.២ អត្រាបញ្ចប់ការសិក្សានៅមធ្យមសិក្សាបឋមភូមិ,បាត់ដំបង,ស្រី,,ភាគរយ,38.6
2018,៤.១.១.២ អត្រាបញ្ចប់ការសិក្សានៅមធ្យមសិក្សាបឋមភូមិ,បាត់ដំបង,ស្រី,,ភាគរយ,40.6
2019,៤.១.១.២ អត្រាបញ្ចប់ការសិក្សានៅមធ្យមសិក្សាបឋមភូមិ,បាត់ដំបង,ស្រី,,ភាគរយ,41.4
2009,៤.១.១.២ អត្រាបញ្ចប់ការសិក្សានៅមធ្យមសិក្សាបឋមភូមិ,បាត់ដំបង,ប្រុស,,ភាគរយ,44.0
2010,៤.១.១.២ អត្រាបញ្ចប់ការសិក្សានៅមធ្យមសិក្សាបឋមភូមិ,បាត់ដំបង,ប្រុស,,ភាគរយ,43.0
2011,៤.១.១.២ អត្រាបញ្ចប់ការសិក្សានៅមធ្យមសិក្សាបឋមភូមិ,បាត់ដំបង,ប្រុស,,ភាគរយ,33.7
2012,៤.១.១.២ អត្រាបញ្ចប់ការសិក្សានៅមធ្យមសិក្សាបឋមភូមិ,បាត់ដំបង,ប្រុស,,ភាគរយ,30.3
2013,៤.១.១.២ អត្រាបញ្ចប់ការសិក្សានៅមធ្យមសិក្សាបឋមភូមិ,បាត់ដំបង,ប្រុស,,ភាគរយ,28.3
2014,៤.១.១.២ អត្រាបញ្ចប់ការសិក្សានៅមធ្យមសិក្សាបឋមភូមិ,បាត់ដំបង,ប្រុស,,ភាគរយ,28.3
2015,៤.១.១.២ អត្រាបញ្ចប់ការសិក្សានៅមធ្យមសិក្សាបឋមភូមិ,បាត់ដំបង,ប្រុស,,ភាគរយ,27.4
2016,៤.១.១.២ អត្រាបញ្ចប់ការសិក្សានៅមធ្យមសិក្សាបឋមភូមិ,បាត់ដំបង,ប្រុស,,ភាគរយ,28.5
2017,៤.១.១.២ អត្រាបញ្ចប់ការសិក្សានៅមធ្យមសិក្សាបឋមភូមិ,បាត់ដំបង,ប្រុស,,ភាគរយ,30.3
2018,៤.១.១.២ អត្រាបញ្ចប់ការសិក្សានៅមធ្យមសិក្សាបឋមភូមិ,បាត់ដំបង,ប្រុស,,ភាគរយ,32.2
2019,៤.១.១.២ អត្រាបញ្ចប់ការសិក្សានៅមធ្យមសិក្សាបឋមភូមិ,បាត់ដំបង,ប្រុស,,ភាគរយ,30.8
2009,៤.១.១.២ អត្រាបញ្ចប់ការសិក្សានៅមធ្យមសិក្សាបឋមភូមិ,បាត់ដំបង,,,ភាគរយ,45.2
2010,៤.១.១.២ អត្រាបញ្ចប់ការសិក្សានៅមធ្យមសិក្សាបឋមភូមិ,បាត់ដំបង,,,ភាគរយ,42.2
2011,៤.១.១.២ អត្រាបញ្ចប់ការសិក្សានៅមធ្យមសិក្សាបឋមភូមិ,បាត់ដំបង,,,ភាគរយ,36.1
2012,៤.១.១.២ អត្រាបញ្ចប់ការសិក្សានៅមធ្យមសិក្សាបឋមភូមិ,បាត់ដំបង,,,ភាគរយ,32.9
2013,៤.១.១.២ អត្រាបញ្ចប់ការសិក្សានៅមធ្យមសិក្សាបឋមភូមិ,បាត់ដំបង,,,ភាគរយ,31.5
2014,៤.១.១.២ អត្រាបញ្ចប់ការសិក្សានៅមធ្យមសិក្សាបឋមភូមិ,បាត់ដំបង,,,ភាគរយ,31.8
2015,៤.១.១.២ អត្រាបញ្ចប់ការសិក្សានៅមធ្យមសិក្សាបឋមភូមិ,បាត់ដំបង,,,ភាគរយ,30.9
2016,៤.១.១.២ អត្រាបញ្ចប់ការសិក្សានៅមធ្យមសិក្សាបឋមភូមិ,បាត់ដំបង,,,ភាគរយ,32.3
2017,៤.១.១.២ អត្រាបញ្ចប់ការសិក្សានៅមធ្យមសិក្សាបឋមភូមិ,បាត់ដំបង,,,ភាគរយ,34.3
2018,៤.១.១.២ អត្រាបញ្ចប់ការសិក្សានៅមធ្យមសិក្សាបឋមភូមិ,បាត់ដំបង,,,ភាគរយ,36.3
2019,៤.១.១.២ អត្រាបញ្ចប់ការសិក្សានៅមធ្យមសិក្សាបឋមភូមិ,បាត់ដំបង,,,ភាគរយ,35.9
2009,៤.១.១.២ អត្រាបញ្ចប់ការសិក្សានៅមធ្យមសិក្សាបឋមភូមិ,កំពង់ចាម,ស្រី,,ភាគរយ,40.8
2010,៤.១.១.២ អត្រាបញ្ចប់ការសិក្សានៅមធ្យមសិក្សាបឋមភូមិ,កំពង់ចាម,ស្រី,,ភាគរយ,34.6
2011,៤.១.១.២ អត្រាបញ្ចប់ការសិក្សានៅមធ្យមសិក្សាបឋមភូមិ,កំពង់ចាម,ស្រី,,ភាគរយ,38.4
2012,៤.១.១.២ អត្រាបញ្ចប់ការសិក្សានៅមធ្យមសិក្សាបឋមភូមិ,កំពង់ចាម,ស្រី,,ភាគរយ,37.9
2013,៤.១.១.២ អត្រាបញ្ចប់ការសិក្សានៅមធ្យមសិក្សាបឋមភូមិ,កំពង់ចាម,ស្រី,,ភាគរយ,39.8
2014,៤.១.១.២ អត្រាបញ្ចប់ការសិក្សានៅមធ្យមសិក្សាបឋមភូមិ,កំពង់ចាម,ស្រី,,ភាគរយ,47.0
2015,៤.១.១.២ អត្រាបញ្ចប់ការសិក្សានៅមធ្យមសិក្សាបឋមភូមិ,កំពង់ចាម,ស្រី,,ភាគរយ,45.5
2016,៤.១.១.២ អត្រាបញ្ចប់ការសិក្សានៅមធ្យមសិក្សាបឋមភូមិ,កំពង់ចាម,ស្រី,,ភាគរយ,51.4
2017,៤.១.១.២ អត្រាបញ្ចប់ការសិក្សានៅមធ្យមសិក្សាបឋមភូមិ,កំពង់ចាម,ស្រី,,ភាគរយ,54.3
2018,៤.១.១.២ អត្រាបញ្ចប់ការសិក្សានៅមធ្យមសិក្សាបឋមភូមិ,កំពង់ចាម,ស្រី,,ភាគរយ,57.1
2019,៤.១.១.២ អត្រាបញ្ចប់ការសិក្សានៅមធ្យមសិក្សាបឋមភូមិ,កំពង់ចាម,ស្រី,,ភាគរយ,56.1
2009,៤.១.១.២ អត្រាបញ្ចប់ការសិក្សានៅមធ្យមសិក្សាបឋមភូមិ,កំពង់ចាម,ប្រុស,,ភាគរយ,40.2
2010,៤.១.១.២ អត្រាបញ្ចប់ការសិក្សានៅមធ្យមសិក្សាបឋមភូមិ,កំពង់ចាម,ប្រុស,,ភាគរយ,38.7
2011,៤.១.១.២ អត្រាបញ្ចប់ការសិក្សានៅមធ្យមសិក្សាបឋមភូមិ,កំពង់ចាម,ប្រុស,,ភាគរយ,36.4
2012,៤.១.១.២ អត្រាបញ្ចប់ការសិក្សានៅមធ្យមសិក្សាបឋមភូមិ,កំពង់ចាម,ប្រុស,,ភាគរយ,35.1
2013,៤.១.១.២ អត្រាបញ្ចប់ការសិក្សានៅមធ្យមសិក្សាបឋមភូមិ,កំពង់ចាម,ប្រុស,,ភាគរយ,36.2
2014,៤.១.១.២ អត្រាបញ្ចប់ការសិក្សានៅមធ្យមសិក្សាបឋមភូមិ,កំពង់ចាម,ប្រុស,,ភាគរយ,40.8
2015,៤.១.១.២ អត្រាបញ្ចប់ការសិក្សានៅមធ្យមសិក្សាបឋមភូមិ,កំពង់ចាម,ប្រុស,,ភាគរយ,38.5
2016,៤.១.១.២ អត្រាបញ្ចប់ការសិក្សានៅមធ្យមសិក្សាបឋមភូមិ,កំពង់ចាម,ប្រុស,,ភាគរយ,40.5
2017,៤.១.១.២ អត្រាបញ្ចប់ការសិក្សានៅមធ្យមសិក្សាបឋមភូមិ,កំពង់ចាម,ប្រុស,,ភាគរយ,41.1
2018,៤.១.១.២ អត្រាបញ្ចប់ការសិក្សានៅមធ្យមសិក្សាបឋមភូមិ,កំពង់ចាម,ប្រុស,,ភាគរយ,42.5
2019,៤.១.១.២ អត្រាបញ្ចប់ការសិក្សានៅមធ្យមសិក្សាបឋមភូមិ,កំពង់ចាម,ប្រុស,,ភាគរយ,40.4
2009,៤.១.១.២ អត្រាបញ្ចប់ការសិក្សានៅមធ្យមសិក្សាបឋមភូមិ,កំពង់ចាម,,,ភាគរយ,40.5
2010,៤.១.១.២ អត្រាបញ្ចប់ការសិក្សានៅមធ្យមសិក្សាបឋមភូមិ,កំពង់ចាម,,,ភាគរយ,36.6
2011,៤.១.១.២ អត្រាបញ្ចប់ការសិក្សានៅមធ្យមសិក្សាបឋមភូមិ,កំពង់ចាម,,,ភាគរយ,37.4
2012,៤.១.១.២ អត្រាបញ្ចប់ការសិក្សានៅមធ្យមសិក្សាបឋមភូមិ,កំពង់ចាម,,,ភាគរយ,36.5
2013,៤.១.១.២ អត្រាបញ្ចប់ការសិក្សានៅមធ្យមសិក្សាបឋមភូមិ,កំពង់ចាម,,,ភាគរយ,37.9
2014,៤.១.១.២ អត្រាបញ្ចប់ការសិក្សានៅមធ្យមសិក្សាបឋមភូមិ,កំពង់ចាម,,,ភាគរយ,43.8
2015,៤.១.១.២ អត្រាបញ្ចប់ការសិក្សានៅមធ្យមសិក្សាបឋមភូមិ,កំពង់ចាម,,,ភាគរយ,41.9
2016,៤.១.១.២ អត្រាបញ្ចប់ការសិក្សានៅមធ្យមសិក្សាបឋមភូមិ,កំពង់ចាម,,,ភាគរយ,45.8
2017,៤.១.១.២ អត្រាបញ្ចប់ការសិក្សានៅមធ្យមសិក្សាបឋមភូមិ,កំពង់ចាម,,,ភាគរយ,47.5
2018,៤.១.១.២ អត្រាបញ្ចប់ការសិក្សានៅមធ្យមសិក្សាបឋមភូមិ,កំពង់ចាម,,,ភាគរយ,49.5
2019,៤.១.១.២ អត្រាបញ្ចប់ការសិក្សានៅមធ្យមសិក្សាបឋមភូមិ,កំពង់ចាម,,,ភាគរយ,47.9
2009,៤.១.១.២ អត្រាបញ្ចប់ការសិក្សានៅមធ្យមសិក្សាបឋមភូមិ,កំពង់ឆ្នាំង,ស្រី,,ភាគរយ,51.3
2010,៤.១.១.២ អត្រាបញ្ចប់ការសិក្សានៅមធ្យមសិក្សាបឋមភូមិ,កំពង់ឆ្នាំង,ស្រី,,ភាគរយ,52.8
2011,៤.១.១.២ អត្រាបញ្ចប់ការសិក្សានៅមធ្យមសិក្សាបឋមភូមិ,កំពង់ឆ្នាំង,ស្រី,,ភាគរយ,41.3
2012,៤.១.១.២ អត្រាបញ្ចប់ការសិក្សានៅមធ្យមសិក្សាបឋមភូមិ,កំពង់ឆ្នាំង,ស្រី,,ភាគរយ,40.7
2013,៤.១.១.២ អត្រាបញ្ចប់ការសិក្សានៅមធ្យមសិក្សាបឋមភូមិ,កំពង់ឆ្នាំង,ស្រី,,ភាគរយ,41.6
2014,៤.១.១.២ អត្រាបញ្ចប់ការសិក្សានៅមធ្យមសិក្សាបឋមភូមិ,កំពង់ឆ្នាំង,ស្រី,,ភាគរយ,45.8
2015,៤.១.១.២ អត្រាបញ្ចប់ការសិក្សានៅមធ្យមសិក្សាបឋមភូមិ,កំពង់ឆ្នាំង,ស្រី,,ភាគរយ,47.7
2016,៤.១.១.២ អត្រាបញ្ចប់ការសិក្សានៅមធ្យមសិក្សាបឋមភូមិ,កំពង់ឆ្នាំង,ស្រី,,ភាគរយ,53.7
2017,៤.១.១.២ អត្រាបញ្ចប់ការសិក្សានៅមធ្យមសិក្សាបឋមភូមិ,កំពង់ឆ្នាំង,ស្រី,,ភាគរយ,57.5
2018,៤.១.១.២ អត្រាបញ្ចប់ការសិក្សានៅមធ្យមសិក្សាបឋមភូមិ,កំពង់ឆ្នាំង,ស្រី,,ភាគរយ,57.1
2019,៤.១.១.២ អត្រាបញ្ចប់ការសិក្សានៅមធ្យមសិក្សាបឋមភូមិ,កំពង់ឆ្នាំង,ស្រី,,ភាគរយ,54.5
2009,៤.១.១.២ អត្រាបញ្ចប់ការសិក្សានៅមធ្យមសិក្សាបឋមភូមិ,កំពង់ឆ្នាំង,ប្រុស,,ភាគរយ,51.6
2010,៤.១.១.២ អត្រាបញ្ចប់ការសិក្សានៅមធ្យមសិក្សាបឋមភូមិ,កំពង់ឆ្នាំង,ប្រុស,,ភាគរយ,49.2
2011,៤.១.១.២ អត្រាបញ្ចប់ការសិក្សានៅមធ្យមសិក្សាបឋមភូមិ,កំពង់ឆ្នាំង,ប្រុស,,ភាគរយ,40.1
2012,៤.១.១.២ អត្រាបញ្ចប់ការសិក្សានៅមធ្យមសិក្សាបឋមភូមិ,កំពង់ឆ្នាំង,ប្រុស,,ភាគរយ,36.6
2013,៤.១.១.២ អត្រាបញ្ចប់ការសិក្សានៅមធ្យមសិក្សាបឋមភូមិ,កំពង់ឆ្នាំង,ប្រុស,,ភាគរយ,36.0
2014,៤.១.១.២ អត្រាបញ្ចប់ការសិក្សានៅមធ្យមសិក្សាបឋមភូមិ,កំពង់ឆ្នាំង,ប្រុស,,ភាគរយ,37.7
2015,៤.១.១.២ អត្រាបញ្ចប់ការសិក្សានៅមធ្យមសិក្សាបឋមភូមិ,កំពង់ឆ្នាំង,ប្រុស,,ភាគរយ,40.1
2016,៤.១.១.២ អត្រាបញ្ចប់ការសិក្សានៅមធ្យមសិក្សាបឋមភូមិ,កំពង់ឆ្នាំង,ប្រុស,,ភាគរយ,41.1
2017,៤.១.១.២ អត្រាបញ្ចប់ការសិក្សានៅមធ្យមសិក្សាបឋមភូមិ,កំពង់ឆ្នាំង,ប្រុស,,ភាគរយ,44.4
2018,៤.១.១.២ អត្រាបញ្ចប់ការសិក្សានៅមធ្យមសិក្សាបឋមភូមិ,កំពង់ឆ្នាំង,ប្រុស,,ភាគរយ,41.2
2019,៤.១.១.២ អត្រាបញ្ចប់ការសិក្សានៅមធ្យមសិក្សាបឋមភូមិ,កំពង់ឆ្នាំង,ប្រុស,,ភាគរយ,41.0
2009,៤.១.១.២ អត្រាបញ្ចប់ការសិក្សានៅមធ្យមសិក្សាបឋមភូមិ,កំពង់ឆ្នាំង,,,ភាគរយ,51.5
2010,៤.១.១.២ អត្រាបញ្ចប់ការសិក្សានៅមធ្យមសិក្សាបឋមភូមិ,កំពង់ឆ្នាំង,,,ភាគរយ,51.0
2011,៤.១.១.២ អត្រាបញ្ចប់ការសិក្សានៅមធ្យមសិក្សាបឋមភូមិ,កំពង់ឆ្នាំង,,,ភាគរយ,40.7
2012,៤.១.១.២ អត្រាបញ្ចប់ការសិក្សានៅមធ្យមសិក្សាបឋមភូមិ,កំពង់ឆ្នាំង,,,ភាគរយ,38.6
2013,៤.១.១.២ អត្រាបញ្ចប់ការសិក្សានៅមធ្យមសិក្សាបឋមភូមិ,កំពង់ឆ្នាំង,,,ភាគរយ,38.8
2014,៤.១.១.២ អត្រាបញ្ចប់ការសិក្សានៅមធ្យមសិក្សាបឋមភូមិ,កំពង់ឆ្នាំង,,,ភាគរយ,41.6
2015,៤.១.១.២ អត្រាបញ្ចប់ការសិក្សានៅមធ្យមសិក្សាបឋមភូមិ,កំពង់ឆ្នាំង,,,ភាគរយ,43.8
2016,៤.១.១.២ អត្រាបញ្ចប់ការសិក្សានៅមធ្យមសិក្សាបឋមភូមិ,កំពង់ឆ្នាំង,,,ភាគរយ,47.2
2017,៤.១.១.២ អត្រាបញ្ចប់ការសិក្សានៅមធ្យមសិក្សាបឋមភូមិ,កំពង់ឆ្នាំង,,,ភាគរយ,50.7
2018,៤.១.១.២ អត្រាបញ្ចប់ការសិក្សានៅមធ្យមសិក្សាបឋមភូមិ,កំពង់ឆ្នាំង,,,ភាគរយ,48.9
2019,៤.១.១.២ អត្រាបញ្ចប់ការសិក្សានៅមធ្យមសិក្សាបឋមភូមិ,កំពង់ឆ្នាំង,,,ភាគរយ,47.5
2009,៤.១.១.២ អត្រាបញ្ចប់ការសិក្សានៅមធ្យមសិក្សាបឋមភូមិ,កំពង់ស្ពឺ,ស្រី,,ភាគរយ,38.0
2010,៤.១.១.២ អត្រាបញ្ចប់ការសិក្សានៅមធ្យមសិក្សាបឋមភូមិ,កំពង់ស្ពឺ,ស្រី,,ភាគរយ,34.7
2011,៤.១.១.២ អត្រាបញ្ចប់ការសិក្សានៅមធ្យមសិក្សាបឋមភូមិ,កំពង់ស្ពឺ,ស្រី,,ភាគរយ,30.5
2012,៤.១.១.២ អត្រាបញ្ចប់ការសិក្សានៅមធ្យមសិក្សាបឋមភូមិ,កំពង់ស្ពឺ,ស្រី,,ភាគរយ,30.0
2013,៤.១.១.២ អត្រាបញ្ចប់ការសិក្សានៅមធ្យមសិក្សាបឋមភូមិ,កំពង់ស្ពឺ,ស្រី,,ភាគរយ,32.7
2014,៤.១.១.២ អត្រាបញ្ចប់ការសិក្សានៅមធ្យមសិក្សាបឋមភូមិ,កំពង់ស្ពឺ,ស្រី,,ភាគរយ,35.7
2015,៤.១.១.២ អត្រាបញ្ចប់ការសិក្សានៅមធ្យមសិក្សាបឋមភូមិ,កំពង់ស្ពឺ,ស្រី,,ភាគរយ,37.5
2016,៤.១.១.២ អត្រាបញ្ចប់ការសិក្សានៅមធ្យមសិក្សាបឋមភូមិ,កំពង់ស្ពឺ,ស្រី,,ភាគរយ,44.6
2017,៤.១.១.២ អត្រាបញ្ចប់ការសិក្សានៅមធ្យមសិក្សាបឋមភូមិ,កំពង់ស្ពឺ,ស្រី,,ភាគរយ,49.7
2018,៤.១.១.២ អត្រាបញ្ចប់ការសិក្សានៅមធ្យមសិក្សាបឋមភូមិ,កំពង់ស្ពឺ,ស្រី,,ភាគរយ,47.2
2019,៤.១.១.២ អត្រាបញ្ចប់ការសិក្សានៅមធ្យមសិក្សាបឋមភូមិ,កំពង់ស្ពឺ,ស្រី,,ភាគរយ,46.1
2009,៤.១.១.២ អត្រាបញ្ចប់ការសិក្សានៅមធ្យមសិក្សាបឋមភូមិ,កំពង់ស្ពឺ,ប្រុស,,ភាគរយ,46.5
2010,៤.១.១.២ អត្រាបញ្ចប់ការសិក្សានៅមធ្យមសិក្សាបឋមភូមិ,កំពង់ស្ពឺ,ប្រុស,,ភាគរយ,47.1
2011,៤.១.១.២ អត្រាបញ្ចប់ការសិក្សានៅមធ្យមសិក្សាបឋមភូមិ,កំពង់ស្ពឺ,ប្រុស,,ភាគរយ,40.3
2012,៤.១.១.២ អត្រាបញ្ចប់ការសិក្សានៅមធ្យមសិក្សាបឋមភូមិ,កំពង់ស្ពឺ,ប្រុស,,ភាគរយ,36.4
2013,៤.១.១.២ អត្រាបញ្ចប់ការសិក្សានៅមធ្យមសិក្សាបឋមភូមិ,កំពង់ស្ពឺ,ប្រុស,,ភាគរយ,37.0
2014,៤.១.១.២ អត្រាបញ្ចប់ការសិក្សានៅមធ្យមសិក្សាបឋមភូមិ,កំពង់ស្ពឺ,ប្រុស,,ភាគរយ,39.1
2015,៤.១.១.២ អត្រាបញ្ចប់ការសិក្សានៅមធ្យមសិក្សាបឋមភូមិ,កំពង់ស្ពឺ,ប្រុស,,ភាគរយ,37.8
2016,៤.១.១.២ អត្រាបញ្ចប់ការសិក្សានៅមធ្យមសិក្សាបឋមភូមិ,កំពង់ស្ពឺ,ប្រុស,,ភាគរយ,39.4
2017,៤.១.១.២ អត្រាបញ្ចប់ការសិក្សានៅមធ្យមសិក្សាបឋមភូមិ,កំពង់ស្ពឺ,ប្រុស,,ភាគរយ,42.9
2018,៤.១.១.២ អត្រាបញ្ចប់ការសិក្សានៅមធ្យមសិក្សាបឋមភូមិ,កំពង់ស្ពឺ,ប្រុស,,ភាគរយ,40.5
2019,៤.១.១.២ អត្រាបញ្ចប់ការសិក្សានៅមធ្យមសិក្សាបឋមភូមិ,កំពង់ស្ពឺ,ប្រុស,,ភាគរយ,37.5
2009,៤.១.១.២ អត្រាបញ្ចប់ការសិក្សានៅមធ្យមសិក្សាបឋមភូមិ,កំពង់ស្ពឺ,,,ភាគរយ,42.4
2010,៤.១.១.២ អត្រាបញ្ចប់ការសិក្សានៅមធ្យមសិក្សាបឋមភូមិ,កំពង់ស្ពឺ,,,ភាគរយ,40.9
2011,៤.១.១.២ អត្រាបញ្ចប់ការសិក្សានៅមធ្យមសិក្សាបឋមភូមិ,កំពង់ស្ពឺ,,,ភាគរយ,35.6
2012,៤.១.១.២ អត្រាបញ្ចប់ការសិក្សានៅមធ្យមសិក្សាបឋមភូមិ,កំពង់ស្ពឺ,,,ភាគរយ,33.3
2013,៤.១.១.២ អត្រាបញ្ចប់ការសិក្សានៅមធ្យមសិក្សាបឋមភូមិ,កំពង់ស្ពឺ,,,ភាគរយ,34.9
2014,៤.១.១.២ អត្រាបញ្ចប់ការសិក្សានៅមធ្យមសិក្សាបឋមភូមិ,កំពង់ស្ពឺ,,,ភាគរយ,37.5
2015,៤.១.១.២ អត្រាបញ្ចប់ការសិក្សានៅមធ្យមសិក្សាបឋមភូមិ,កំពង់ស្ពឺ,,,ភាគរយ,37.7
2016,៤.១.១.២ អត្រាបញ្ចប់ការសិក្សានៅមធ្យមសិក្សាបឋមភូមិ,កំពង់ស្ពឺ,,,ភាគរយ,41.9
2017,៤.១.១.២ អត្រាបញ្ចប់ការសិក្សានៅមធ្យមសិក្សាបឋមភូមិ,កំពង់ស្ពឺ,,,ភាគរយ,46.2
2018,៤.១.១.២ អត្រាបញ្ចប់ការសិក្សានៅមធ្យមសិក្សាបឋមភូមិ,កំពង់ស្ពឺ,,,ភាគរយ,43.7
2019,៤.១.១.២ អត្រាបញ្ចប់ការសិក្សានៅមធ្យមសិក្សាបឋមភូមិ,កំពង់ស្ពឺ,,,ភាគរយ,41.6
2009,៤.១.១.២ អត្រាបញ្ចប់ការសិក្សានៅមធ្យមសិក្សាបឋមភូមិ,កំពង់ធំ,ស្រី,,ភាគរយ,43.0
2010,៤.១.១.២ អត្រាបញ្ចប់ការសិក្សានៅមធ្យមសិក្សាបឋមភូមិ,កំពង់ធំ,ស្រី,,ភាគរយ,39.2
2011,៤.១.១.២ អត្រាបញ្ចប់ការសិក្សានៅមធ្យមសិក្សាបឋមភូមិ,កំពង់ធំ,ស្រី,,ភាគរយ,39.1
2012,៤.១.១.២ អត្រាបញ្ចប់ការសិក្សានៅមធ្យមសិក្សាបឋមភូមិ,កំពង់ធំ,ស្រី,,ភាគរយ,36.2
2013,៤.១.១.២ អត្រាបញ្ចប់ការសិក្សានៅមធ្យមសិក្សាបឋមភូមិ,កំពង់ធំ,ស្រី,,ភាគរយ,39.0
2014,៤.១.១.២ អត្រាបញ្ចប់ការសិក្សានៅមធ្យមសិក្សាបឋមភូមិ,កំពង់ធំ,ស្រី,,ភាគរយ,38.9
2015,៤.១.១.២ អត្រាបញ្ចប់ការសិក្សានៅមធ្យមសិក្សាបឋមភូមិ,កំពង់ធំ,ស្រី,,ភាគរយ,38.1
2016,៤.១.១.២ អត្រាបញ្ចប់ការសិក្សានៅមធ្យមសិក្សាបឋមភូមិ,កំពង់ធំ,ស្រី,,ភាគរយ,45.3
2017,៤.១.១.២ អត្រាបញ្ចប់ការសិក្សានៅមធ្យមសិក្សាបឋមភូមិ,កំពង់ធំ,ស្រី,,ភាគរយ,48.5
2018,៤.១.១.២ អត្រាបញ្ចប់ការសិក្សានៅមធ្យមសិក្សាបឋមភូមិ,កំពង់ធំ,ស្រី,,ភាគរយ,52.6
2019,៤.១.១.២ អត្រាបញ្ចប់ការសិក្សានៅមធ្យមសិក្សាបឋមភូមិ,កំពង់ធំ,ស្រី,,ភាគរយ,50.7
2009,៤.១.១.២ អត្រាបញ្ចប់ការសិក្សានៅមធ្យមសិក្សាបឋមភូមិ,កំពង់ធំ,ប្រុស,,ភាគរយ,40.6
2010,៤.១.១.២ អត្រាបញ្ចប់ការសិក្សានៅមធ្យមសិក្សាបឋមភូមិ,កំពង់ធំ,ប្រុស,,ភាគរយ,45.3
2011,៤.១.១.២ អត្រាបញ្ចប់ការសិក្សានៅមធ្យមសិក្សាបឋមភូមិ,កំពង់ធំ,ប្រុស,,ភាគរយ,35.8
2012,៤.១.១.២ អត្រាបញ្ចប់ការសិក្សានៅមធ្យមសិក្សាបឋមភូមិ,កំពង់ធំ,ប្រុស,,ភាគរយ,33.6
2013,៤.១.១.២ អត្រាបញ្ចប់ការសិក្សានៅមធ្យមសិក្សាបឋមភូមិ,កំពង់ធំ,ប្រុស,,ភាគរយ,31.8
2014,៤.១.១.២ អត្រាបញ្ចប់ការសិក្សានៅមធ្យមសិក្សាបឋមភូមិ,កំពង់ធំ,ប្រុស,,ភាគរយ,31.7
2015,៤.១.១.២ អត្រាបញ្ចប់ការសិក្សានៅមធ្យមសិក្សាបឋមភូមិ,កំពង់ធំ,ប្រុស,,ភាគរយ,30.5
2016,៤.១.១.២ អត្រាបញ្ចប់ការសិក្សានៅមធ្យមសិក្សាបឋមភូមិ,កំពង់ធំ,ប្រុស,,ភាគរយ,34.7
2017,៤.១.១.២ អត្រាបញ្ចប់ការសិក្សានៅមធ្យមសិក្សាបឋមភូមិ,កំពង់ធំ,ប្រុស,,ភាគរយ,36.6
2018,៤.១.១.២ អត្រាបញ្ចប់ការសិក្សានៅមធ្យមសិក្សាបឋមភូមិ,កំពង់ធំ,ប្រុស,,ភាគរយ,38.8
2019,៤.១.១.២ អត្រាបញ្ចប់ការសិក្សានៅមធ្យមសិក្សាបឋមភូមិ,កំពង់ធំ,ប្រុស,,ភាគរយ,38.4
2009,៤.១.១.២ អត្រាបញ្ចប់ការសិក្សានៅមធ្យមសិក្សាបឋមភូមិ,កំពង់ធំ,,,ភាគរយ,41.8
2010,៤.១.១.២ អត្រាបញ្ចប់ការសិក្សានៅមធ្យមសិក្សាបឋមភូមិ,កំពង់ធំ,,,ភាគរយ,42.1
2011,៤.១.១.២ អត្រាបញ្ចប់ការសិក្សានៅមធ្យមសិក្សាបឋមភូមិ,កំពង់ធំ,,,ភាគរយ,37.4
2012,៤.១.១.២ អត្រាបញ្ចប់ការសិក្សានៅមធ្យមសិក្សាបឋមភូមិ,កំពង់ធំ,,,ភាគរយ,34.9
2013,៤.១.១.២ អត្រាបញ្ចប់ការសិក្សានៅមធ្យមសិក្សាបឋមភូមិ,កំពង់ធំ,,,ភាគរយ,35.2
2014,៤.១.១.២ អត្រាបញ្ចប់ការសិក្សានៅមធ្យមសិក្សាបឋមភូមិ,កំពង់ធំ,,,ភាគរយ,35.2
2015,៤.១.១.២ អត្រាបញ្ចប់ការសិក្សានៅមធ្យមសិក្សាបឋមភូមិ,កំពង់ធំ,,,ភាគរយ,34.2
2016,៤.១.១.២ អត្រាបញ្ចប់ការសិក្សានៅមធ្យមសិក្សាបឋមភូមិ,កំពង់ធំ,,,ភាគរយ,39.8
2017,៤.១.១.២ អត្រាបញ្ចប់ការសិក្សានៅមធ្យមសិក្សាបឋមភូមិ,កំពង់ធំ,,,ភាគរយ,42.3
2018,៤.១.១.២ អត្រាបញ្ចប់ការសិក្សានៅមធ្យមសិក្សាបឋមភូមិ,កំពង់ធំ,,,ភាគរយ,45.4
2019,៤.១.១.២ អត្រាបញ្ចប់ការសិក្សានៅមធ្យមសិក្សាបឋមភូមិ,កំពង់ធំ,,,ភាគរយ,44.3
2009,៤.១.១.២ អត្រាបញ្ចប់ការសិក្សានៅមធ្យមសិក្សាបឋមភូមិ,កំពត,ស្រី,,ភាគរយ,54.5
2010,៤.១.១.២ អត្រាបញ្ចប់ការសិក្សានៅមធ្យមសិក្សាបឋមភូមិ,កំពត,ស្រី,,ភាគរយ,51.8
2011,៤.១.១.២ អត្រាបញ្ចប់ការសិក្សានៅមធ្យមសិក្សាបឋមភូមិ,កំពត,ស្រី,,ភាគរយ,48.6
2012,៤.១.១.២ អត្រាបញ្ចប់ការសិក្សានៅមធ្យមសិក្សាបឋមភូមិ,កំពត,ស្រី,,ភាគរយ,43.8
2013,៤.១.១.២ អត្រាបញ្ចប់ការសិក្សានៅមធ្យមសិក្សាបឋមភូមិ,កំពត,ស្រី,,ភាគរយ,44.4
2014,៤.១.១.២ អត្រាបញ្ចប់ការសិក្សានៅមធ្យមសិក្សាបឋមភូមិ,កំពត,ស្រី,,ភាគរយ,47.7
2015,៤.១.១.២ អត្រាបញ្ចប់ការសិក្សានៅមធ្យមសិក្សាបឋមភូមិ,កំពត,ស្រី,,ភាគរយ,46.9
2016,៤.១.១.២ អត្រាបញ្ចប់ការសិក្សានៅមធ្យមសិក្សាបឋមភូមិ,កំពត,ស្រី,,ភាគរយ,52.5
2017,៤.១.១.២ អត្រាបញ្ចប់ការសិក្សានៅមធ្យមសិក្សាបឋមភូមិ,កំពត,ស្រី,,ភាគរយ,55.3
2018,៤.១.១.២ អត្រាបញ្ចប់ការសិក្សានៅមធ្យមសិក្សាបឋមភូមិ,កំពត,ស្រី,,ភាគរយ,53.5
2019,៤.១.១.២ អត្រាបញ្ចប់ការសិក្សានៅមធ្យមសិក្សាបឋមភូមិ,កំពត,ស្រី,,ភាគរយ,51.2
2009,៤.១.១.២ អត្រាបញ្ចប់ការសិក្សានៅមធ្យមសិក្សាបឋមភូមិ,កំពត,ប្រុស,,ភាគរយ,56.3
2010,៤.១.១.២ អត្រាបញ្ចប់ការសិក្សានៅមធ្យមសិក្សាបឋមភូមិ,កំពត,ប្រុស,,ភាគរយ,16.9
2011,៤.១.១.២ អត្រាបញ្ចប់ការសិក្សានៅមធ្យមសិក្សាបឋមភូមិ,កំពត,ប្រុស,,ភាគរយ,48.0
2012,៤.១.១.២ អត្រាបញ្ចប់ការសិក្សានៅមធ្យមសិក្សាបឋមភូមិ,កំពត,ប្រុស,,ភាគរយ,45.8
2013,៤.១.១.២ អត្រាបញ្ចប់ការសិក្សានៅមធ្យមសិក្សាបឋមភូមិ,កំពត,ប្រុស,,ភាគរយ,42.9
2014,៤.១.១.២ អត្រាបញ្ចប់ការសិក្សានៅមធ្យមសិក្សាបឋមភូមិ,កំពត,ប្រុស,,ភាគរយ,45.7
2015,៤.១.១.២ អត្រាបញ្ចប់ការសិក្សានៅមធ្យមសិក្សាបឋមភូមិ,កំពត,ប្រុស,,ភាគរយ,44.9
2016,៤.១.១.២ អត្រាបញ្ចប់ការសិក្សានៅមធ្យមសិក្សាបឋមភូមិ,កំពត,ប្រុស,,ភាគរយ,48.4
2017,៤.១.១.២ អត្រាបញ្ចប់ការសិក្សានៅមធ្យមសិក្សាបឋមភូមិ,កំពត,ប្រុស,,ភាគរយ,48.1
2018,៤.១.១.២ អត្រាបញ្ចប់ការសិក្សានៅមធ្យមសិក្សាបឋមភូមិ,កំពត,ប្រុស,,ភាគរយ,44.7
2019,៤.១.១.២ អត្រាបញ្ចប់ការសិក្សានៅមធ្យមសិក្សាបឋមភូមិ,កំពត,ប្រុស,,ភាគរយ,40.8
2009,៤.១.១.២ អត្រាបញ្ចប់ការសិក្សានៅមធ្យមសិក្សាបឋមភូមិ,កំពត,,,ភាគរយ,55.4
2010,៤.១.១.២ អត្រាបញ្ចប់ការសិក្សានៅមធ្យមសិក្សាបឋមភូមិ,កំពត,,,ភាគរយ,24.6
2011,៤.១.១.២ អត្រាបញ្ចប់ការសិក្សានៅមធ្យមសិក្សាបឋមភូមិ,កំពត,,,ភាគរយ,48.3
2012,៤.១.១.២ អត្រាបញ្ចប់ការសិក្សានៅមធ្យមសិក្សាបឋមភូមិ,កំពត,,,ភាគរយ,44.8
2013,៤.១.១.២ អត្រាបញ្ចប់ការសិក្សានៅមធ្យមសិក្សាបឋមភូមិ,កំពត,,,ភាគរយ,43.6
2014,៤.១.១.២ អត្រាបញ្ចប់ការសិក្សានៅមធ្យមសិក្សាបឋមភូមិ,កំពត,,,ភាគរយ,46.7
2015,៤.១.១.២ អត្រាបញ្ចប់ការសិក្សានៅមធ្យមសិក្សាបឋមភូមិ,កំពត,,,ភាគរយ,45.8
2016,៤.១.១.២ អត្រាបញ្ចប់ការសិក្សានៅមធ្យមសិក្សាបឋមភូមិ,កំពត,,,ភាគរយ,50.4
2017,៤.១.១.២ អត្រាបញ្ចប់ការសិក្សានៅមធ្យមសិក្សាបឋមភូមិ,កំពត,,,ភាគរយ,51.6
2018,៤.១.១.២ អត្រាបញ្ចប់ការសិក្សានៅមធ្យមសិក្សាបឋមភូមិ,កំពត,,,ភាគរយ,48.9
2019,៤.១.១.២ អត្រាបញ្ចប់ការសិក្សានៅមធ្យមសិក្សាបឋមភូមិ,កំពត,,,ភាគរយ,45.8
2009,៤.១.១.២ អត្រាបញ្ចប់ការសិក្សានៅមធ្យមសិក្សាបឋមភូមិ,កណ្តាល,ស្រី,,ភាគរយ,55.6
2010,៤.១.១.២ អត្រាបញ្ចប់ការសិក្សានៅមធ្យមសិក្សាបឋមភូមិ,កណ្តាល,ស្រី,,ភាគរយ,58.1
2011,៤.១.១.២ អត្រាបញ្ចប់ការសិក្សានៅមធ្យមសិក្សាបឋមភូមិ,កណ្តាល,ស្រី,,ភាគរយ,50.0
2012,៤.១.១.២ អត្រាបញ្ចប់ការសិក្សានៅមធ្យមសិក្សាបឋមភូមិ,កណ្តាល,ស្រី,,ភាគរយ,46.8
2013,៤.១.១.២ អត្រាបញ្ចប់ការសិក្សានៅមធ្យមសិក្សាបឋមភូមិ,កណ្តាល,ស្រី,,ភាគរយ,45.6
2014,៤.១.១.២ អត្រាបញ្ចប់ការសិក្សានៅមធ្យមសិក្សាបឋមភូមិ,កណ្តាល,ស្រី,,ភាគរយ,46.1
2015,៤.១.១.២ អត្រាបញ្ចប់ការសិក្សានៅមធ្យមសិក្សាបឋមភូមិ,កណ្តាល,ស្រី,,ភាគរយ,45.9
2016,៤.១.១.២ អត្រាបញ្ចប់ការសិក្សានៅមធ្យមសិក្សាបឋមភូមិ,កណ្តាល,ស្រី,,ភាគរយ,51.0
2017,៤.១.១.២ អត្រាបញ្ចប់ការសិក្សានៅមធ្យមសិក្សាបឋមភូមិ,កណ្តាល,ស្រី,,ភាគរយ,53.1
2018,៤.១.១.២ អត្រាបញ្ចប់ការសិក្សានៅមធ្យមសិក្សាបឋមភូមិ,កណ្តាល,ស្រី,,ភាគរយ,53.6
2019,៤.១.១.២ អត្រាបញ្ចប់ការសិក្សានៅមធ្យមសិក្សាបឋមភូមិ,កណ្តាល,ស្រី,,ភាគរយ,52.8
2009,៤.១.១.២ អត្រាបញ្ចប់ការសិក្សានៅមធ្យមសិក្សាបឋមភូមិ,កណ្តាល,ប្រុស,,ភាគរយ,59.1
2010,៤.១.១.២ អត្រាបញ្ចប់ការសិក្សានៅមធ្យមសិក្សាបឋមភូមិ,កណ្តាល,ប្រុស,,ភាគរយ,61.2
2011,៤.១.១.២ អត្រាបញ្ចប់ការសិក្សានៅមធ្យមសិក្សាបឋមភូមិ,កណ្តាល,ប្រុស,,ភាគរយ,51.4
2012,៤.១.១.២ អត្រាបញ្ចប់ការសិក្សានៅមធ្យមសិក្សាបឋមភូមិ,កណ្តាល,ប្រុស,,ភាគរយ,56.2
2013,៤.១.១.២ អត្រាបញ្ចប់ការសិក្សានៅមធ្យមសិក្សាបឋមភូមិ,កណ្តាល,ប្រុស,,ភាគរយ,45.2
2014,៤.១.១.២ អត្រាបញ្ចប់ការសិក្សានៅមធ្យមសិក្សាបឋមភូមិ,កណ្តាល,ប្រុស,,ភាគរយ,43.5
2015,៤.១.១.២ អត្រាបញ្ចប់ការសិក្សានៅមធ្យមសិក្សាបឋមភូមិ,កណ្តាល,ប្រុស,,ភាគរយ,40.1
2016,៤.១.១.២ អត្រាបញ្ចប់ការសិក្សានៅមធ្យមសិក្សាបឋមភូមិ,កណ្តាល,ប្រុស,,ភាគរយ,43.0
2017,៤.១.១.២ អត្រាបញ្ចប់ការសិក្សានៅមធ្យមសិក្សាបឋមភូមិ,កណ្តាល,ប្រុស,,ភាគរយ,41.9
2018,៤.១.១.២ អត្រាបញ្ចប់ការសិក្សានៅមធ្យមសិក្សាបឋមភូមិ,កណ្តាល,ប្រុស,,ភាគរយ,41.1
2019,៤.១.១.២ អត្រាបញ្ចប់ការសិក្សានៅមធ្យមសិក្សាបឋមភូមិ,កណ្តាល,ប្រុស,,ភាគរយ,41.6
2009,៤.១.១.២ អត្រាបញ្ចប់ការសិក្សានៅមធ្យមសិក្សាបឋមភូមិ,កណ្តាល,,,ភាគរយ,57.4
2010,៤.១.១.២ អត្រាបញ្ចប់ការសិក្សានៅមធ្យមសិក្សាបឋមភូមិ,កណ្តាល,,,ភាគរយ,59.7
2011,៤.១.១.២ អត្រាបញ្ចប់ការសិក្សានៅមធ្យមសិក្សាបឋមភូមិ,កណ្តាល,,,ភាគរយ,50.7
2012,៤.១.១.២ អត្រាបញ្ចប់ការសិក្សានៅមធ្យមសិក្សាបឋមភូមិ,កណ្តាល,,,ភាគរយ,51.3
2013,៤.១.១.២ អត្រាបញ្ចប់ការសិក្សានៅមធ្យមសិក្សាបឋមភូមិ,កណ្តាល,,,ភាគរយ,45.4
2014,៤.១.១.២ អត្រាបញ្ចប់ការសិក្សានៅមធ្យមសិក្សាបឋមភូមិ,កណ្តាល,,,ភាគរយ,44.8
2015,៤.១.១.២ អត្រាបញ្ចប់ការសិក្សានៅមធ្យមសិក្សាបឋមភូមិ,កណ្តាល,,,ភាគរយ,42.9
2016,៤.១.១.២ អត្រាបញ្ចប់ការសិក្សានៅមធ្យមសិក្សាបឋមភូមិ,កណ្តាល,,,ភាគរយ,46.8
2017,៤.១.១.២ អត្រាបញ្ចប់ការសិក្សានៅមធ្យមសិក្សាបឋមភូមិ,កណ្តាល,,,ភាគរយ,47.3
2018,៤.១.១.២ អត្រាបញ្ចប់ការសិក្សានៅមធ្យមសិក្សាបឋមភូមិ,កណ្តាល,,,ភាគរយ,47.1
2019,៤.១.១.២ អត្រាបញ្ចប់ការសិក្សានៅមធ្យមសិក្សាបឋមភូមិ,កណ្តាល,,,ភាគរយ,47.0
2009,៤.១.១.២ អត្រាបញ្ចប់ការសិក្សានៅមធ្យមសិក្សាបឋមភូមិ,កែប,ស្រី,,ភាគរយ,54.9
2010,៤.១.១.២ អត្រាបញ្ចប់ការសិក្សានៅមធ្យមសិក្សាបឋមភូមិ,កែប,ស្រី,,ភាគរយ,55.8
2011,៤.១.១.២ អត្រាបញ្ចប់ការសិក្សានៅមធ្យមសិក្សាបឋមភូមិ,កែប,ស្រី,,ភាគរយ,48.4
2012,៤.១.១.២ អត្រាបញ្ចប់ការសិក្សានៅមធ្យមសិក្សាបឋមភូមិ,កែប,ស្រី,,ភាគរយ,46.1
2013,៤.១.១.២ អត្រាបញ្ចប់ការសិក្សានៅមធ្យមសិក្សាបឋមភូមិ,កែប,ស្រី,,ភាគរយ,40.2
2014,៤.១.១.២ អត្រាបញ្ចប់ការសិក្សានៅមធ្យមសិក្សាបឋមភូមិ,កែប,ស្រី,,ភាគរយ,36.6
2015,៤.១.១.២ អត្រាបញ្ចប់ការសិក្សានៅមធ្យមសិក្សាបឋមភូមិ,កែប,ស្រី,,ភាគរយ,41.0
2016,៤.១.១.២ អត្រាបញ្ចប់ការសិក្សានៅមធ្យមសិក្សាបឋមភូមិ,កែប,ស្រី,,ភាគរយ,42.0
2017,៤.១.១.២ អត្រាបញ្ចប់ការសិក្សានៅមធ្យមសិក្សាបឋមភូមិ,កែប,ស្រី,,ភាគរយ,39.1
2018,៤.១.១.២ អត្រាបញ្ចប់ការសិក្សានៅមធ្យមសិក្សាបឋមភូមិ,កែប,ស្រី,,ភាគរយ,34.5
2019,៤.១.១.២ អត្រាបញ្ចប់ការសិក្សានៅមធ្យមសិក្សាបឋមភូមិ,កែប,ស្រី,,ភាគរយ,31.2
2009,៤.១.១.២ អត្រាបញ្ចប់ការសិក្សានៅមធ្យមសិក្សាបឋមភូមិ,កែប,ប្រុស,,ភាគរយ,50.8
2010,៤.១.១.២ អត្រាបញ្ចប់ការសិក្សានៅមធ្យមសិក្សាបឋមភូមិ,កែប,ប្រុស,,ភាគរយ,47.6
2011,៤.១.១.២ អត្រាបញ្ចប់ការសិក្សានៅមធ្យមសិក្សាបឋមភូមិ,កែប,ប្រុស,,ភាគរយ,41.4
2012,៤.១.១.២ អត្រាបញ្ចប់ការសិក្សានៅមធ្យមសិក្សាបឋមភូមិ,កែប,ប្រុស,,ភាគរយ,36.7
2013,៤.១.១.២ អត្រាបញ្ចប់ការសិក្សានៅមធ្យមសិក្សាបឋមភូមិ,កែប,ប្រុស,,ភាគរយ,37.2
2014,៤.១.១.២ អត្រាបញ្ចប់ការសិក្សានៅមធ្យមសិក្សាបឋមភូមិ,កែប,ប្រុស,,ភាគរយ,35.6
2015,៤.១.១.២ អត្រាបញ្ចប់ការសិក្សានៅមធ្យមសិក្សាបឋមភូមិ,កែប,ប្រុស,,ភាគរយ,34.7
2016,៤.១.១.២ អត្រាបញ្ចប់ការសិក្សានៅមធ្យមសិក្សាបឋមភូមិ,កែប,ប្រុស,,ភាគរយ,34.2
2017,៤.១.១.២ អត្រាបញ្ចប់ការសិក្សានៅមធ្យមសិក្សាបឋមភូមិ,កែប,ប្រុស,,ភាគរយ,33.5
2018,៤.១.១.២ អត្រាបញ្ចប់ការសិក្សានៅមធ្យមសិក្សាបឋមភូមិ,កែប,ប្រុស,,ភាគរយ,32.9
2019,៤.១.១.២ អត្រាបញ្ចប់ការសិក្សានៅមធ្យមសិក្សាបឋមភូមិ,កែប,ប្រុស,,ភាគរយ,25.1
2009,៤.១.១.២ អត្រាបញ្ចប់ការសិក្សានៅមធ្យមសិក្សាបឋមភូមិ,កែប,,,ភាគរយ,52.8
2010,៤.១.១.២ អត្រាបញ្ចប់ការសិក្សានៅមធ្យមសិក្សាបឋមភូមិ,កែប,,,ភាគរយ,51.4
2011,៤.១.១.២ អត្រាបញ្ចប់ការសិក្សានៅមធ្យមសិក្សាបឋមភូមិ,កែប,,,ភាគរយ,44.8
2012,៤.១.១.២ អត្រាបញ្ចប់ការសិក្សានៅមធ្យមសិក្សាបឋមភូមិ,កែប,,,ភាគរយ,41.2
2013,៤.១.១.២ អត្រាបញ្ចប់ការសិក្សានៅមធ្យមសិក្សាបឋមភូមិ,កែប,,,ភាគរយ,38.6
2014,៤.១.១.២ អត្រាបញ្ចប់ការសិក្សានៅមធ្យមសិក្សាបឋមភូមិ,កែប,,,ភាគរយ,36.1
2015,៤.១.១.២ អត្រាបញ្ចប់ការសិក្សានៅមធ្យមសិក្សាបឋមភូមិ,កែប,,,ភាគរយ,37.7
2016,៤.១.១.២ អត្រាបញ្ចប់ការសិក្សានៅមធ្យមសិក្សាបឋមភូមិ,កែប,,,ភាគរយ,37.9
2017,៤.១.១.២ អត្រាបញ្ចប់ការសិក្សានៅមធ្យមសិក្សាបឋមភូមិ,កែប,,,ភាគរយ,36.2
2018,៤.១.១.២ អត្រាបញ្ចប់ការសិក្សានៅមធ្យមសិក្សាបឋមភូមិ,កែប,,,ភាគរយ,33.6
2019,៤.១.១.២ អត្រាបញ្ចប់ការសិក្សានៅមធ្យមសិក្សាបឋមភូមិ,កែប,,,ភាគរយ,28.0
2009,៤.១.១.២ អត្រាបញ្ចប់ការសិក្សានៅមធ្យមសិក្សាបឋមភូមិ,កោះកុង,ស្រី,,ភាគរយ,40.4
2010,៤.១.១.២ អត្រាបញ្ចប់ការសិក្សានៅមធ្យមសិក្សាបឋមភូមិ,កោះកុង,ស្រី,,ភាគរយ,44.2
2011,៤.១.១.២ អត្រាបញ្ចប់ការសិក្សានៅមធ្យមសិក្សាបឋមភូមិ,កោះកុង,ស្រី,,ភាគរយ,36.7
2012,៤.១.១.២ អត្រាបញ្ចប់ការសិក្សានៅមធ្យមសិក្សាបឋមភូមិ,កោះកុង,ស្រី,,ភាគរយ,35.7
2013,៤.១.១.២ អត្រាបញ្ចប់ការសិក្សានៅមធ្យមសិក្សាបឋមភូមិ,កោះកុង,ស្រី,,ភាគរយ,34.9
2014,៤.១.១.២ អត្រាបញ្ចប់ការសិក្សានៅមធ្យមសិក្សាបឋមភូមិ,កោះកុង,ស្រី,,ភាគរយ,32.7
2015,៤.១.១.២ អត្រាបញ្ចប់ការសិក្សានៅមធ្យមសិក្សាបឋមភូមិ,កោះកុង,ស្រី,,ភាគរយ,30.6
2016,៤.១.១.២ អត្រាបញ្ចប់ការសិក្សានៅមធ្យមសិក្សាបឋមភូមិ,កោះកុង,ស្រី,,ភាគរយ,30.9
2017,៤.១.១.២ អត្រាបញ្ចប់ការសិក្សានៅមធ្យមសិក្សាបឋមភូមិ,កោះកុង,ស្រី,,ភាគរយ,35.0
2018,៤.១.១.២ អត្រាបញ្ចប់ការសិក្សានៅមធ្យមសិក្សាបឋមភូមិ,កោះកុង,ស្រី,,ភាគរយ,37.3
2019,៤.១.១.២ អត្រាបញ្ចប់ការសិក្សានៅមធ្យមសិក្សាបឋមភូមិ,កោះកុង,ស្រី,,ភាគរយ,36.5
2009,៤.១.១.២ អត្រាបញ្ចប់ការសិក្សានៅមធ្យមសិក្សាបឋមភូមិ,កោះកុង,ប្រុស,,ភាគរយ,44.0
2010,៤.១.១.២ អត្រាបញ្ចប់ការសិក្សានៅមធ្យមសិក្សាបឋមភូមិ,កោះកុង,ប្រុស,,ភាគរយ,52.8
2011,៤.១.១.២ អត្រាបញ្ចប់ការសិក្សានៅមធ្យមសិក្សាបឋមភូមិ,កោះកុង,ប្រុស,,ភាគរយ,41.3
2012,៤.១.១.២ អត្រាបញ្ចប់ការសិក្សានៅមធ្យមសិក្សាបឋមភូមិ,កោះកុង,ប្រុស,,ភាគរយ,38.9
2013,៤.១.១.២ អត្រាបញ្ចប់ការសិក្សានៅមធ្យមសិក្សាបឋមភូមិ,កោះកុង,ប្រុស,,ភាគរយ,35.4
2014,៤.១.១.២ អត្រាបញ្ចប់ការសិក្សានៅមធ្យមសិក្សាបឋមភូមិ,កោះកុង,ប្រុស,,ភាគរយ,36.5
2015,៤.១.១.២ អត្រាបញ្ចប់ការសិក្សានៅមធ្យមសិក្សាបឋមភូមិ,កោះកុង,ប្រុស,,ភាគរយ,34.6
2016,៤.១.១.២ អត្រាបញ្ចប់ការសិក្សានៅមធ្យមសិក្សាបឋមភូមិ,កោះកុង,ប្រុស,,ភាគរយ,35.7
2017,៤.១.១.២ អត្រាបញ្ចប់ការសិក្សានៅមធ្យមសិក្សាបឋមភូមិ,កោះកុង,ប្រុស,,ភាគរយ,34.0
2018,៤.១.១.២ អត្រាបញ្ចប់ការសិក្សានៅមធ្យមសិក្សាបឋមភូមិ,កោះកុង,ប្រុស,,ភាគរយ,35.1
2019,៤.១.១.២ អត្រាបញ្ចប់ការសិក្សានៅមធ្យមសិក្សាបឋមភូមិ,កោះកុង,ប្រុស,,ភាគរយ,31.9
2009,៤.១.១.២ អត្រាបញ្ចប់ការសិក្សានៅមធ្យមសិក្សាបឋមភូមិ,កោះកុង,,,ភាគរយ,42.2
2010,៤.១.១.២ អត្រាបញ្ចប់ការសិក្សានៅមធ្យមសិក្សាបឋមភូមិ,កោះកុង,,,ភាគរយ,48.4
2011,៤.១.១.២ អត្រាបញ្ចប់ការសិក្សានៅមធ្យមសិក្សាបឋមភូមិ,កោះកុង,,,ភាគរយ,39.1
2012,៤.១.១.២ អត្រាបញ្ចប់ការសិក្សានៅមធ្យមសិក្សាបឋមភូមិ,កោះកុង,,,ភាគរយ,37.3
2013,៤.១.១.២ អត្រាបញ្ចប់ការសិក្សានៅមធ្យមសិក្សាបឋមភូមិ,កោះកុង,,,ភាគរយ,35.2
2014,៤.១.១.២ អត្រាបញ្ចប់ការសិក្សានៅមធ្យមសិក្សាបឋមភូមិ,កោះកុង,,,ភាគរយ,34.6
2015,៤.១.១.២ អត្រាបញ្ចប់ការសិក្សានៅមធ្យមសិក្សាបឋមភូមិ,កោះកុង,,,ភាគរយ,32.6
2016,៤.១.១.២ អត្រាបញ្ចប់ការសិក្សានៅមធ្យមសិក្សាបឋមភូមិ,កោះកុង,,,ភាគរយ,33.4
2017,៤.១.១.២ អត្រាបញ្ចប់ការសិក្សានៅមធ្យមសិក្សាបឋមភូមិ,កោះកុង,,,ភាគរយ,34.5
2018,៤.១.១.២ អត្រាបញ្ចប់ការសិក្សានៅមធ្យមសិក្សាបឋមភូមិ,កោះកុង,,,ភាគរយ,36.2
2019,៤.១.១.២ អត្រាបញ្ចប់ការសិក្សានៅមធ្យមសិក្សាបឋមភូមិ,កោះកុង,,,ភាគរយ,34.2
2009,៤.១.១.២ អត្រាបញ្ចប់ការសិក្សានៅមធ្យមសិក្សាបឋមភូមិ,ខេត្តក្រចេះ,ស្រី,,ភាគរយ,39.6
2010,៤.១.១.២ អត្រាបញ្ចប់ការសិក្សានៅមធ្យមសិក្សាបឋមភូមិ,ខេត្តក្រចេះ,ស្រី,,ភាគរយ,46.5
2011,៤.១.១.២ អត្រាបញ្ចប់ការសិក្សានៅមធ្យមសិក្សាបឋមភូមិ,ខេត្តក្រចេះ,ស្រី,,ភាគរយ,33.8
2012,៤.១.១.២ អត្រាបញ្ចប់ការសិក្សានៅមធ្យមសិក្សាបឋមភូមិ,ខេត្តក្រចេះ,ស្រី,,ភាគរយ,34.2
2013,៤.១.១.២ អត្រាបញ្ចប់ការសិក្សានៅមធ្យមសិក្សាបឋមភូមិ,ខេត្តក្រចេះ,ស្រី,,ភាគរយ,33.1
2014,៤.១.១.២ អត្រាបញ្ចប់ការសិក្សានៅមធ្យមសិក្សាបឋមភូមិ,ខេត្តក្រចេះ,ស្រី,,ភាគរយ,32.0
2015,៤.១.១.២ អត្រាបញ្ចប់ការសិក្សានៅមធ្យមសិក្សាបឋមភូមិ,ខេត្តក្រចេះ,ស្រី,,ភាគរយ,31.8
2016,៤.១.១.២ អត្រាបញ្ចប់ការសិក្សានៅមធ្យមសិក្សាបឋមភូមិ,ខេត្តក្រចេះ,ស្រី,,ភាគរយ,37.4
2017,៤.១.១.២ អត្រាបញ្ចប់ការសិក្សានៅមធ្យមសិក្សាបឋមភូមិ,ខេត្តក្រចេះ,ស្រី,,ភាគរយ,39.5
2018,៤.១.១.២ អត្រាបញ្ចប់ការសិក្សានៅមធ្យមសិក្សាបឋមភូមិ,ខេត្តក្រចេះ,ស្រី,,ភាគរយ,37.3
2019,៤.១.១.២ អត្រាបញ្ចប់ការសិក្សានៅមធ្យមសិក្សាបឋមភូមិ,ខេត្តក្រចេះ,ស្រី,,ភាគរយ,37.4
2009,៤.១.១.២ អត្រាបញ្ចប់ការសិក្សានៅមធ្យមសិក្សាបឋមភូមិ,ខេត្តក្រចេះ,ប្រុស,,ភាគរយ,37.7
2010,៤.១.១.២ អត្រាបញ្ចប់ការសិក្សានៅមធ្យមសិក្សាបឋមភូមិ,ខេត្តក្រចេះ,ប្រុស,,ភាគរយ,42.9
2011,៤.១.១.២ អត្រាបញ្ចប់ការសិក្សានៅមធ្យមសិក្សាបឋមភូមិ,ខេត្តក្រចេះ,ប្រុស,,ភាគរយ,32.7
2012,៤.១.១.២ អត្រាបញ្ចប់ការសិក្សានៅមធ្យមសិក្សាបឋមភូមិ,ខេត្តក្រចេះ,ប្រុស,,ភាគរយ,30.9
2013,៤.១.១.២ អត្រាបញ្ចប់ការសិក្សានៅមធ្យមសិក្សាបឋមភូមិ,ខេត្តក្រចេះ,ប្រុស,,ភាគរយ,29.5
2014,៤.១.១.២ អត្រាបញ្ចប់ការសិក្សានៅមធ្យមសិក្សាបឋមភូមិ,ខេត្តក្រចេះ,ប្រុស,,ភាគរយ,27.9
2015,៤.១.១.២ អត្រាបញ្ចប់ការសិក្សានៅមធ្យមសិក្សាបឋមភូមិ,ខេត្តក្រចេះ,ប្រុស,,ភាគរយ,28.0
2016,៤.១.១.២ អត្រាបញ្ចប់ការសិក្សានៅមធ្យមសិក្សាបឋមភូមិ,ខេត្តក្រចេះ,ប្រុស,,ភាគរយ,30.4
2017,៤.១.១.២ អត្រាបញ្ចប់ការសិក្សានៅមធ្យមសិក្សាបឋមភូមិ,ខេត្តក្រចេះ,ប្រុស,,ភាគរយ,30.4
2018,៤.១.១.២ អត្រាបញ្ចប់ការសិក្សានៅមធ្យមសិក្សាបឋមភូមិ,ខេត្តក្រចេះ,ប្រុស,,ភាគរយ,31.5
2019,៤.១.១.២ អត្រាបញ្ចប់ការសិក្សានៅមធ្យមសិក្សាបឋមភូមិ,ខេត្តក្រចេះ,ប្រុស,,ភាគរយ,28.5
2009,៤.១.១.២ អត្រាបញ្ចប់ការសិក្សានៅមធ្យមសិក្សាបឋមភូមិ,ខេត្តក្រចេះ,,,ភាគរយ,38.6
2010,៤.១.១.២ អត្រាបញ្ចប់ការសិក្សានៅមធ្យមសិក្សាបឋមភូមិ,ខេត្តក្រចេះ,,,ភាគរយ,44.6
2011,៤.១.១.២ អត្រាបញ្ចប់ការសិក្សានៅមធ្យមសិក្សាបឋមភូមិ,ខេត្តក្រចេះ,,,ភាគរយ,33.3
2012,៤.១.១.២ អត្រាបញ្ចប់ការសិក្សានៅមធ្យមសិក្សាបឋមភូមិ,ខេត្តក្រចេះ,,,ភាគរយ,32.5
2013,៤.១.១.២ អត្រាបញ្ចប់ការសិក្សានៅមធ្យមសិក្សាបឋមភូមិ,ខេត្តក្រចេះ,,,ភាគរយ,31.3
2014,៤.១.១.២ អត្រាបញ្ចប់ការសិក្សានៅមធ្យមសិក្សាបឋមភូមិ,ខេត្តក្រចេះ,,,ភាគរយ,29.9
2015,៤.១.១.២ អត្រាបញ្ចប់ការសិក្សានៅមធ្យមសិក្សាបឋមភូមិ,ខេត្តក្រចេះ,,,ភាគរយ,29.9
2016,៤.១.១.២ អត្រាបញ្ចប់ការសិក្សានៅមធ្យមសិក្សាបឋមភូមិ,ខេត្តក្រចេះ,,,ភាគរយ,33.8
2017,៤.១.១.២ អត្រាបញ្ចប់ការសិក្សានៅមធ្យមសិក្សាបឋមភូមិ,ខេត្តក្រចេះ,,,ភាគរយ,34.8
2018,៤.១.១.២ អត្រាបញ្ចប់ការសិក្សានៅមធ្យមសិក្សាបឋមភូមិ,ខេត្តក្រចេះ,,,ភាគរយ,34.3
2019,៤.១.១.២ អត្រាបញ្ចប់ការសិក្សានៅមធ្យមសិក្សាបឋមភូមិ,ខេត្តក្រចេះ,,,ភាគរយ,32.8
2009,៤.១.១.២ អត្រាបញ្ចប់ការសិក្សានៅមធ្យមសិក្សាបឋមភូមិ,មណ្ឌលគីរី,ស្រី,,ភាគរយ,22.0
2010,៤.១.១.២ អត្រាបញ្ចប់ការសិក្សានៅមធ្យមសិក្សាបឋមភូមិ,មណ្ឌលគីរី,ស្រី,,ភាគរយ,31.8
2011,៤.១.១.២ អត្រាបញ្ចប់ការសិក្សានៅមធ្យមសិក្សាបឋមភូមិ,មណ្ឌលគីរី,ស្រី,,ភាគរយ,26.2
2012,៤.១.១.២ អត្រាបញ្ចប់ការសិក្សានៅមធ្យមសិក្សាបឋមភូមិ,មណ្ឌលគីរី,ស្រី,,ភាគរយ,23.7
2013,៤.១.១.២ អត្រាបញ្ចប់ការសិក្សានៅមធ្យមសិក្សាបឋមភូមិ,មណ្ឌលគីរី,ស្រី,,ភាគរយ,28.4
2014,៤.១.១.២ អត្រាបញ្ចប់ការសិក្សានៅមធ្យមសិក្សាបឋមភូមិ,មណ្ឌលគីរី,ស្រី,,ភាគរយ,31.4
2015,៤.១.១.២ អត្រាបញ្ចប់ការសិក្សានៅមធ្យមសិក្សាបឋមភូមិ,មណ្ឌលគីរី,ស្រី,,ភាគរយ,26.9
2016,៤.១.១.២ អត្រាបញ្ចប់ការសិក្សានៅមធ្យមសិក្សាបឋមភូមិ,មណ្ឌលគីរី,ស្រី,,ភាគរយ,38.4
2017,៤.១.១.២ អត្រាបញ្ចប់ការសិក្សានៅមធ្យមសិក្សាបឋមភូមិ,មណ្ឌលគីរី,ស្រី,,ភាគរយ,35.3
2018,៤.១.១.២ អត្រាបញ្ចប់ការសិក្សានៅមធ្យមសិក្សាបឋមភូមិ,មណ្ឌលគីរី,ស្រី,,ភាគរយ,41.0
2019,៤.១.១.២ អត្រាបញ្ចប់ការសិក្សានៅមធ្យមសិក្សាបឋមភូមិ,មណ្ឌលគីរី,ស្រី,,ភាគរយ,42.7
2009,៤.១.១.២ អត្រាបញ្ចប់ការសិក្សានៅមធ្យមសិក្សាបឋមភូមិ,មណ្ឌលគីរី,ប្រុស,,ភាគរយ,26.9
2010,៤.១.១.២ អត្រាបញ្ចប់ការសិក្សានៅមធ្យមសិក្សាបឋមភូមិ,មណ្ឌលគីរី,ប្រុស,,ភាគរយ,47.9
2011,៤.១.១.២ អត្រាបញ្ចប់ការសិក្សានៅមធ្យមសិក្សាបឋមភូមិ,មណ្ឌលគីរី,ប្រុស,,ភាគរយ,29.7
2012,៤.១.១.២ អត្រាបញ្ចប់ការសិក្សានៅមធ្យមសិក្សាបឋមភូមិ,មណ្ឌលគីរី,ប្រុស,,ភាគរយ,28.0
2013,៤.១.១.២ អត្រាបញ្ចប់ការសិក្សានៅមធ្យមសិក្សាបឋមភូមិ,មណ្ឌលគីរី,ប្រុស,,ភាគរយ,31.1
2014,៤.១.១.២ អត្រាបញ្ចប់ការសិក្សានៅមធ្យមសិក្សាបឋមភូមិ,មណ្ឌលគីរី,ប្រុស,,ភាគរយ,27.8
2015,៤.១.១.២ អត្រាបញ្ចប់ការសិក្សានៅមធ្យមសិក្សាបឋមភូមិ,មណ្ឌលគីរី,ប្រុស,,ភាគរយ,26.5
2016,៤.១.១.២ អត្រាបញ្ចប់ការសិក្សានៅមធ្យមសិក្សាបឋមភូមិ,មណ្ឌលគីរី,ប្រុស,,ភាគរយ,31.3
2017,៤.១.១.២ អត្រាបញ្ចប់ការសិក្សានៅមធ្យមសិក្សាបឋមភូមិ,មណ្ឌលគីរី,ប្រុស,,ភាគរយ,27.9
2018,៤.១.១.២ អត្រាបញ្ចប់ការសិក្សានៅមធ្យមសិក្សាបឋមភូមិ,មណ្ឌលគីរី,ប្រុស,,ភាគរយ,33.8
2019,៤.១.១.២ អត្រាបញ្ចប់ការសិក្សានៅមធ្យមសិក្សាបឋមភូមិ,មណ្ឌលគីរី,ប្រុស,,ភាគរយ,32.7
2009,៤.១.១.២ អត្រាបញ្ចប់ការសិក្សានៅមធ្យមសិក្សាបឋមភូមិ,មណ្ឌលគីរី,,,ភាគរយ,24.5
2010,៤.១.១.២ អត្រាបញ្ចប់ការសិក្សានៅមធ្យមសិក្សាបឋមភូមិ,មណ្ឌលគីរី,,,ភាគរយ,39.5
2011,៤.១.១.២ អត្រាបញ្ចប់ការសិក្សានៅមធ្យមសិក្សាបឋមភូមិ,មណ្ឌលគីរី,,,ភាគរយ,28.0
2012,៤.១.១.២ អត្រាបញ្ចប់ការសិក្សានៅមធ្យមសិក្សាបឋមភូមិ,មណ្ឌលគីរី,,,ភាគរយ,25.9
2013,៤.១.១.២ អត្រាបញ្ចប់ការសិក្សានៅមធ្យមសិក្សាបឋមភូមិ,មណ្ឌលគីរី,,,ភាគរយ,29.8
2014,៤.១.១.២ អត្រាបញ្ចប់ការសិក្សានៅមធ្យមសិក្សាបឋមភូមិ,មណ្ឌលគីរី,,,ភាគរយ,29.6
2015,៤.១.១.២ អត្រាបញ្ចប់ការសិក្សានៅមធ្យមសិក្សាបឋមភូមិ,មណ្ឌលគីរី,,,ភាគរយ,26.7
2016,៤.១.១.២ អត្រាបញ្ចប់ការសិក្សានៅមធ្យមសិក្សាបឋមភូមិ,មណ្ឌលគីរី,,,ភាគរយ,34.8
2017,៤.១.១.២ អត្រាបញ្ចប់ការសិក្សានៅមធ្យមសិក្សាបឋមភូមិ,មណ្ឌលគីរី,,,ភាគរយ,31.5
2018,៤.១.១.២ អត្រាបញ្ចប់ការសិក្សានៅមធ្យមសិក្សាបឋមភូមិ,មណ្ឌលគីរី,,,ភាគរយ,37.3
2019,៤.១.១.២ អត្រាបញ្ចប់ការសិក្សានៅមធ្យមសិក្សាបឋមភូមិ,មណ្ឌលគីរី,,,ភាគរយ,37.6
2009,៤.១.១.២ អត្រាបញ្ចប់ការសិក្សានៅមធ្យមសិក្សាបឋមភូមិ,ឧត្តរមានជ័យ,ស្រី,,ភាគរយ,35.8
2010,៤.១.១.២ អត្រាបញ្ចប់ការសិក្សានៅមធ្យមសិក្សាបឋមភូមិ,ឧត្តរមានជ័យ,ស្រី,,ភាគរយ,35.4
2011,៤.១.១.២ អត្រាបញ្ចប់ការសិក្សានៅមធ្យមសិក្សាបឋមភូមិ,ឧត្តរមានជ័យ,ស្រី,,ភាគរយ,30.7
2012,៤.១.១.២ អត្រាបញ្ចប់ការសិក្សានៅមធ្យមសិក្សាបឋមភូមិ,ឧត្តរមានជ័យ,ស្រី,,ភាគរយ,24.7
2013,៤.១.១.២ អត្រាបញ្ចប់ការសិក្សានៅមធ្យមសិក្សាបឋមភូមិ,ឧត្តរមានជ័យ,ស្រី,,ភាគរយ,27.7
2014,៤.១.១.២ អត្រាបញ្ចប់ការសិក្សានៅមធ្យមសិក្សាបឋមភូមិ,ឧត្តរមានជ័យ,ស្រី,,ភាគរយ,31.7
2015,៤.១.១.២ អត្រាបញ្ចប់ការសិក្សានៅមធ្យមសិក្សាបឋមភូមិ,ឧត្តរមានជ័យ,ស្រី,,ភាគរយ,30.8
2016,៤.១.១.២ អត្រាបញ្ចប់ការសិក្សានៅមធ្យមសិក្សាបឋមភូមិ,ឧត្តរមានជ័យ,ស្រី,,ភាគរយ,34.5
2017,៤.១.១.២ អត្រាបញ្ចប់ការសិក្សានៅមធ្យមសិក្សាបឋមភូមិ,ឧត្តរមានជ័យ,ស្រី,,ភាគរយ,36.1
2018,៤.១.១.២ អត្រាបញ្ចប់ការសិក្សានៅមធ្យមសិក្សាបឋមភូមិ,ឧត្តរមានជ័យ,ស្រី,,ភាគរយ,37.0
2019,៤.១.១.២ អត្រាបញ្ចប់ការសិក្សានៅមធ្យមសិក្សាបឋមភូមិ,ឧត្តរមានជ័យ,ស្រី,,ភាគរយ,37.0
2009,៤.១.១.២ អត្រាបញ្ចប់ការសិក្សានៅមធ្យមសិក្សាបឋមភូមិ,ឧត្តរមានជ័យ,ប្រុស,,ភាគរយ,34.4
2010,៤.១.១.២ អត្រាបញ្ចប់ការសិក្សានៅមធ្យមសិក្សាបឋមភូមិ,ឧត្តរមានជ័យ,ប្រុស,,ភាគរយ,38.5
2011,៤.១.១.២ អត្រាបញ្ចប់ការសិក្សានៅមធ្យមសិក្សាបឋមភូមិ,ឧត្តរមានជ័យ,ប្រុស,,ភាគរយ,29.2
2012,៤.១.១.២ អត្រាបញ្ចប់ការសិក្សានៅមធ្យមសិក្សាបឋមភូមិ,ឧត្តរមានជ័យ,ប្រុស,,ភាគរយ,26.4
2013,៤.១.១.២ អត្រាបញ្ចប់ការសិក្សានៅមធ្យមសិក្សាបឋមភូមិ,ឧត្តរមានជ័យ,ប្រុស,,ភាគរយ,24.6
2014,៤.១.១.២ អត្រាបញ្ចប់ការសិក្សានៅមធ្យមសិក្សាបឋមភូមិ,ឧត្តរមានជ័យ,ប្រុស,,ភាគរយ,27.2
2015,៤.១.១.២ អត្រាបញ្ចប់ការសិក្សានៅមធ្យមសិក្សាបឋមភូមិ,ឧត្តរមានជ័យ,ប្រុស,,ភាគរយ,28.5
2016,៤.១.១.២ អត្រាបញ្ចប់ការសិក្សានៅមធ្យមសិក្សាបឋមភូមិ,ឧត្តរមានជ័យ,ប្រុស,,ភាគរយ,28.7
2017,៤.១.១.២ អត្រាបញ្ចប់ការសិក្សានៅមធ្យមសិក្សាបឋមភូមិ,ឧត្តរមានជ័យ,ប្រុស,,ភាគរយ,29.3
2018,៤.១.១.២ អត្រាបញ្ចប់ការសិក្សានៅមធ្យមសិក្សាបឋមភូមិ,ឧត្តរមានជ័យ,ប្រុស,,ភាគរយ,32.8
2019,៤.១.១.២ អត្រាបញ្ចប់ការសិក្សានៅមធ្យមសិក្សាបឋមភូមិ,ឧត្តរមានជ័យ,ប្រុស,,ភាគរយ,30.9
2009,៤.១.១.២ អត្រាបញ្ចប់ការសិក្សានៅមធ្យមសិក្សាបឋមភូមិ,ឧត្តរមានជ័យ,,,ភាគរយ,35.1
2010,៤.១.១.២ អត្រាបញ្ចប់ការសិក្សានៅមធ្យមសិក្សាបឋមភូមិ,ឧត្តរមានជ័យ,,,ភាគរយ,37.0
2011,៤.១.១.២ អត្រាបញ្ចប់ការសិក្សានៅមធ្យមសិក្សាបឋមភូមិ,ឧត្តរមានជ័យ,,,ភាគរយ,29.9
2012,៤.១.១.២ អត្រាបញ្ចប់ការសិក្សានៅមធ្យមសិក្សាបឋមភូមិ,ឧត្តរមានជ័យ,,,ភាគរយ,25.6
2013,៤.១.១.២ អត្រាបញ្ចប់ការសិក្សានៅមធ្យមសិក្សាបឋមភូមិ,ឧត្តរមានជ័យ,,,ភាគរយ,26.1
2014,៤.១.១.២ អត្រាបញ្ចប់ការសិក្សានៅមធ្យមសិក្សាបឋមភូមិ,ឧត្តរមានជ័យ,,,ភាគរយ,29.3
2015,៤.១.១.២ អត្រាបញ្ចប់ការសិក្សានៅមធ្យមសិក្សាបឋមភូមិ,ឧត្តរមានជ័យ,,,ភាគរយ,29.6
2016,៤.១.១.២ អត្រាបញ្ចប់ការសិក្សានៅមធ្យមសិក្សាបឋមភូមិ,ឧត្តរមានជ័យ,,,ភាគរយ,31.5
2017,៤.១.១.២ អត្រាបញ្ចប់ការសិក្សានៅមធ្យមសិក្សាបឋមភូមិ,ឧត្តរមានជ័យ,,,ភាគរយ,32.6
2018,៤.១.១.២ អត្រាបញ្ចប់ការសិក្សានៅមធ្យមសិក្សាបឋមភូមិ,ឧត្តរមានជ័យ,,,ភាគរយ,34.8
2019,៤.១.១.២ អត្រាបញ្ចប់ការសិក្សានៅមធ្យមសិក្សាបឋមភូមិ,ឧត្តរមានជ័យ,,,ភាគរយ,33.8
2009,៤.១.១.២ អត្រាបញ្ចប់ការសិក្សានៅមធ្យមសិក្សាបឋមភូមិ,ប៉ៃលិន,ស្រី,,ភាគរយ,42.8
2010,៤.១.១.២ អត្រាបញ្ចប់ការសិក្សានៅមធ្យមសិក្សាបឋមភូមិ,ប៉ៃលិន,ស្រី,,ភាគរយ,31.9
2011,៤.១.១.២ អត្រាបញ្ចប់ការសិក្សានៅមធ្យមសិក្សាបឋមភូមិ,ប៉ៃលិន,ស្រី,,ភាគរយ,32.6
2012,៤.១.១.២ អត្រាបញ្ចប់ការសិក្សានៅមធ្យមសិក្សាបឋមភូមិ,ប៉ៃលិន,ស្រី,,ភាគរយ,30.2
2013,៤.១.១.២ អត្រាបញ្ចប់ការសិក្សានៅមធ្យមសិក្សាបឋមភូមិ,ប៉ៃលិន,ស្រី,,ភាគរយ,26.9
2014,៤.១.១.២ អត្រាបញ្ចប់ការសិក្សានៅមធ្យមសិក្សាបឋមភូមិ,ប៉ៃលិន,ស្រី,,ភាគរយ,27.4
2015,៤.១.១.២ អត្រាបញ្ចប់ការសិក្សានៅមធ្យមសិក្សាបឋមភូមិ,ប៉ៃលិន,ស្រី,,ភាគរយ,26.8
2016,៤.១.១.២ អត្រាបញ្ចប់ការសិក្សានៅមធ្យមសិក្សាបឋមភូមិ,ប៉ៃលិន,ស្រី,,ភាគរយ,27.5
2017,៤.១.១.២ អត្រាបញ្ចប់ការសិក្សានៅមធ្យមសិក្សាបឋមភូមិ,ប៉ៃលិន,ស្រី,,ភាគរយ,32.9
2018,៤.១.១.២ អត្រាបញ្ចប់ការសិក្សានៅមធ្យមសិក្សាបឋមភូមិ,ប៉ៃលិន,ស្រី,,ភាគរយ,31.4
2019,៤.១.១.២ អត្រាបញ្ចប់ការសិក្សានៅមធ្យមសិក្សាបឋមភូមិ,ប៉ៃលិន,ស្រី,,ភាគរយ,32.1
2009,៤.១.១.២ អត្រាបញ្ចប់ការសិក្សានៅមធ្យមសិក្សាបឋមភូមិ,ប៉ៃលិន,ប្រុស,,ភាគរយ,45.5
2010,៤.១.១.២ អត្រាបញ្ចប់ការសិក្សានៅមធ្យមសិក្សាបឋមភូមិ,ប៉ៃលិន,ប្រុស,,ភាគរយ,43.1
2011,៤.១.១.២ អត្រាបញ្ចប់ការសិក្សានៅមធ្យមសិក្សាបឋមភូមិ,ប៉ៃលិន,ប្រុស,,ភាគរយ,32.4
2012,៤.១.១.២ អត្រាបញ្ចប់ការសិក្សានៅមធ្យមសិក្សាបឋមភូមិ,ប៉ៃលិន,ប្រុស,,ភាគរយ,32.3
2013,៤.១.១.២ អត្រាបញ្ចប់ការសិក្សានៅមធ្យមសិក្សាបឋមភូមិ,ប៉ៃលិន,ប្រុស,,ភាគរយ,26.4
2014,៤.១.១.២ អត្រាបញ្ចប់ការសិក្សានៅមធ្យមសិក្សាបឋមភូមិ,ប៉ៃលិន,ប្រុស,,ភាគរយ,26.1
2015,៤.១.១.២ អត្រាបញ្ចប់ការសិក្សានៅមធ្យមសិក្សាបឋមភូមិ,ប៉ៃលិន,ប្រុស,,ភាគរយ,23.2
2016,៤.១.១.២ អត្រាបញ្ចប់ការសិក្សានៅមធ្យមសិក្សាបឋមភូមិ,ប៉ៃលិន,ប្រុស,,ភាគរយ,25.7
2017,៤.១.១.២ អត្រាបញ្ចប់ការសិក្សានៅមធ្យមសិក្សាបឋមភូមិ,ប៉ៃលិន,ប្រុស,,ភាគរយ,27.4
2018,៤.១.១.២ អត្រាបញ្ចប់ការសិក្សានៅមធ្យមសិក្សាបឋមភូមិ,ប៉ៃលិន,ប្រុស,,ភាគរយ,26.6
2019,៤.១.១.២ អត្រាបញ្ចប់ការសិក្សានៅមធ្យមសិក្សាបឋមភូមិ,ប៉ៃលិន,ប្រុស,,ភាគរយ,28.6
2009,៤.១.១.២ អត្រាបញ្ចប់ការសិក្សានៅមធ្យមសិក្សាបឋមភូមិ,ប៉ៃលិន,,,ភាគរយ,44.2
2010,៤.១.១.២ អត្រាបញ្ចប់ការសិក្សានៅមធ្យមសិក្សាបឋមភូមិ,ប៉ៃលិន,,,ភាគរយ,37.6
2011,៤.១.១.២ អត្រាបញ្ចប់ការសិក្សានៅមធ្យមសិក្សាបឋមភូមិ,ប៉ៃលិន,,,ភាគរយ,32.5
2012,៤.១.១.២ អត្រាបញ្ចប់ការសិក្សានៅមធ្យមសិក្សាបឋមភូមិ,ប៉ៃលិន,,,ភាគរយ,31.3
2013,៤.១.១.២ អត្រាបញ្ចប់ការសិក្សានៅមធ្យមសិក្សាបឋមភូមិ,ប៉ៃលិន,,,ភាគរយ,26.6
2014,៤.១.១.២ អត្រាបញ្ចប់ការសិក្សានៅមធ្យមសិក្សាបឋមភូមិ,ប៉ៃលិន,,,ភាគរយ,26.7
2015,៤.១.១.២ អត្រាបញ្ចប់ការសិក្សានៅមធ្យមសិក្សាបឋមភូមិ,ប៉ៃលិន,,,ភាគរយ,24.9
2016,៤.១.១.២ អត្រាបញ្ចប់ការសិក្សានៅមធ្យមសិក្សាបឋមភូមិ,ប៉ៃលិន,,,ភាគរយ,26.6
2017,៤.១.១.២ អត្រាបញ្ចប់ការសិក្សានៅមធ្យមសិក្សាបឋមភូមិ,ប៉ៃលិន,,,ភាគរយ,30.0
2018,៤.១.១.២ អត្រាបញ្ចប់ការសិក្សានៅមធ្យមសិក្សាបឋមភូមិ,ប៉ៃលិន,,,ភាគរយ,28.9
2019,៤.១.១.២ អត្រាបញ្ចប់ការសិក្សានៅមធ្យមសិក្សាបឋមភូមិ,ប៉ៃលិន,,,ភាគរយ,30.3
2009,៤.១.១.២ អត្រាបញ្ចប់ការសិក្សានៅមធ្យមសិក្សាបឋមភូមិ,ភ្នំពេញ,ស្រី,,ភាគរយ,65.1
2010,៤.១.១.២ អត្រាបញ្ចប់ការសិក្សានៅមធ្យមសិក្សាបឋមភូមិ,ភ្នំពេញ,ស្រី,,ភាគរយ,46.5
2011,៤.១.១.២ អត្រាបញ្ចប់ការសិក្សានៅមធ្យមសិក្សាបឋមភូមិ,ភ្នំពេញ,ស្រី,,ភាគរយ,54.6
2012,៤.១.១.២ អត្រាបញ្ចប់ការសិក្សានៅមធ្យមសិក្សាបឋមភូមិ,ភ្នំពេញ,ស្រី,,ភាគរយ,52.4
2013,៤.១.១.២ អត្រាបញ្ចប់ការសិក្សានៅមធ្យមសិក្សាបឋមភូមិ,ភ្នំពេញ,ស្រី,,ភាគរយ,50.0
2014,៤.១.១.២ អត្រាបញ្ចប់ការសិក្សានៅមធ្យមសិក្សាបឋមភូមិ,ភ្នំពេញ,ស្រី,,ភាគរយ,51.9
2015,៤.១.១.២ អត្រាបញ្ចប់ការសិក្សានៅមធ្យមសិក្សាបឋមភូមិ,ភ្នំពេញ,ស្រី,,ភាគរយ,43.2
2016,៤.១.១.២ អត្រាបញ្ចប់ការសិក្សានៅមធ្យមសិក្សាបឋមភូមិ,ភ្នំពេញ,ស្រី,,ភាគរយ,44.4
2017,៤.១.១.២ អត្រាបញ្ចប់ការសិក្សានៅមធ្យមសិក្សាបឋមភូមិ,ភ្នំពេញ,ស្រី,,ភាគរយ,44.9
2018,៤.១.១.២ អត្រាបញ្ចប់ការសិក្សានៅមធ្យមសិក្សាបឋមភូមិ,ភ្នំពេញ,ស្រី,,ភាគរយ,45.8
2019,៤.១.១.២ អត្រាបញ្ចប់ការសិក្សានៅមធ្យមសិក្សាបឋមភូមិ,ភ្នំពេញ,ស្រី,,ភាគរយ,47.0
2009,៤.១.១.២ អត្រាបញ្ចប់ការសិក្សានៅមធ្យមសិក្សាបឋមភូមិ,ភ្នំពេញ,ប្រុស,,ភាគរយ,76.2
2010,៤.១.១.២ អត្រាបញ្ចប់ការសិក្សានៅមធ្យមសិក្សាបឋមភូមិ,ភ្នំពេញ,ប្រុស,,ភាគរយ,54.8
2011,៤.១.១.២ អត្រាបញ្ចប់ការសិក្សានៅមធ្យមសិក្សាបឋមភូមិ,ភ្នំពេញ,ប្រុស,,ភាគរយ,66.8
2012,៤.១.១.២ អត្រាបញ្ចប់ការសិក្សានៅមធ្យមសិក្សាបឋមភូមិ,ភ្នំពេញ,ប្រុស,,ភាគរយ,57.4
2013,៤.១.១.២ អត្រាបញ្ចប់ការសិក្សានៅមធ្យមសិក្សាបឋមភូមិ,ភ្នំពេញ,ប្រុស,,ភាគរយ,53.4
2014,៤.១.១.២ អត្រាបញ្ចប់ការសិក្សានៅមធ្យមសិក្សាបឋមភូមិ,ភ្នំពេញ,ប្រុស,,ភាគរយ,57.4
2015,៤.១.១.២ អត្រាបញ្ចប់ការសិក្សានៅមធ្យមសិក្សាបឋមភូមិ,ភ្នំពេញ,ប្រុស,,ភាគរយ,47.8
2016,៤.១.១.២ អត្រាបញ្ចប់ការសិក្សានៅមធ្យមសិក្សាបឋមភូមិ,ភ្នំពេញ,ប្រុស,,ភាគរយ,47.1
2017,៤.១.១.២ អត្រាបញ្ចប់ការសិក្សានៅមធ្យមសិក្សាបឋមភូមិ,ភ្នំពេញ,ប្រុស,,ភាគរយ,45.9
2018,៤.១.១.២ អត្រាបញ្ចប់ការសិក្សានៅមធ្យមសិក្សាបឋមភូមិ,ភ្នំពេញ,ប្រុស,,ភាគរយ,45.6
2019,៤.១.១.២ អត្រាបញ្ចប់ការសិក្សានៅមធ្យមសិក្សាបឋមភូមិ,ភ្នំពេញ,ប្រុស,,ភាគរយ,47.4
2009,៤.១.១.២ អត្រាបញ្ចប់ការសិក្សានៅមធ្យមសិក្សាបឋមភូមិ,ភ្នំពេញ,,,ភាគរយ,70.6
2010,៤.១.១.២ អត្រាបញ្ចប់ការសិក្សានៅមធ្យមសិក្សាបឋមភូមិ,ភ្នំពេញ,,,ភាគរយ,50.5
2011,៤.១.១.២ អត្រាបញ្ចប់ការសិក្សានៅមធ្យមសិក្សាបឋមភូមិ,ភ្នំពេញ,,,ភាគរយ,60.6
2012,៤.១.១.២ អត្រាបញ្ចប់ការសិក្សានៅមធ្យមសិក្សាបឋមភូមិ,ភ្នំពេញ,,,ភាគរយ,54.9
2013,៤.១.១.២ អត្រាបញ្ចប់ការសិក្សានៅមធ្យមសិក្សាបឋមភូមិ,ភ្នំពេញ,,,ភាគរយ,51.7
2014,៤.១.១.២ អត្រាបញ្ចប់ការសិក្សានៅមធ្យមសិក្សាបឋមភូមិ,ភ្នំពេញ,,,ភាគរយ,54.6
2015,៤.១.១.២ អត្រាបញ្ចប់ការសិក្សានៅមធ្យមសិក្សាបឋមភូមិ,ភ្នំពេញ,,,ភាគរយ,45.5
2016,៤.១.១.២ អត្រាបញ្ចប់ការសិក្សានៅមធ្យមសិក្សាបឋមភូមិ,ភ្នំពេញ,,,ភាគរយ,45.7
2017,៤.១.១.២ អត្រាបញ្ចប់ការសិក្សានៅមធ្យមសិក្សាបឋមភូមិ,ភ្នំពេញ,,,ភាគរយ,45.4
2018,៤.១.១.២ អត្រាបញ្ចប់ការសិក្សានៅមធ្យមសិក្សាបឋមភូមិ,ភ្នំពេញ,,,ភាគរយ,45.7
2019,៤.១.១.២ អត្រាបញ្ចប់ការសិក្សានៅមធ្យមសិក្សាបឋមភូមិ,ភ្នំពេញ,,,ភាគរយ,47.2
2009,៤.១.១.២ អត្រាបញ្ចប់ការសិក្សានៅមធ្យមសិក្សាបឋមភូមិ,ព្រះសីហនុ,ស្រី,,ភាគរយ,37.8
2010,៤.១.១.២ អត្រាបញ្ចប់ការសិក្សានៅមធ្យមសិក្សាបឋមភូមិ,ព្រះសីហនុ,ស្រី,,ភាគរយ,39.2
2011,៤.១.១.២ អត្រាបញ្ចប់ការសិក្សានៅមធ្យមសិក្សាបឋមភូមិ,ព្រះសីហនុ,ស្រី,,ភាគរយ,35.2
2012,៤.១.១.២ អត្រាបញ្ចប់ការសិក្សានៅមធ្យមសិក្សាបឋមភូមិ,ព្រះសីហនុ,ស្រី,,ភាគរយ,34.1
2013,៤.១.១.២ អត្រាបញ្ចប់ការសិក្សានៅមធ្យមសិក្សាបឋមភូមិ,ព្រះសីហនុ,ស្រី,,ភាគរយ,30.6
2014,៤.១.១.២ អត្រាបញ្ចប់ការសិក្សានៅមធ្យមសិក្សាបឋមភូមិ,ព្រះសីហនុ,ស្រី,,ភាគរយ,31.1
2015,៤.១.១.២ អត្រាបញ្ចប់ការសិក្សានៅមធ្យមសិក្សាបឋមភូមិ,ព្រះសីហនុ,ស្រី,,ភាគរយ,29.7
2016,៤.១.១.២ អត្រាបញ្ចប់ការសិក្សានៅមធ្យមសិក្សាបឋមភូមិ,ព្រះសីហនុ,ស្រី,,ភាគរយ,33.7
2017,៤.១.១.២ អត្រាបញ្ចប់ការសិក្សានៅមធ្យមសិក្សាបឋមភូមិ,ព្រះសីហនុ,ស្រី,,ភាគរយ,31.8
2018,៤.១.១.២ អត្រាបញ្ចប់ការសិក្សានៅមធ្យមសិក្សាបឋមភូមិ,ព្រះសីហនុ,ស្រី,,ភាគរយ,34.1
2019,៤.១.១.២ អត្រាបញ្ចប់ការសិក្សានៅមធ្យមសិក្សាបឋមភូមិ,ព្រះសីហនុ,ស្រី,,ភាគរយ,32.7
2009,៤.១.១.២ អត្រាបញ្ចប់ការសិក្សានៅមធ្យមសិក្សាបឋមភូមិ,ព្រះសីហនុ,ប្រុស,,ភាគរយ,46.2
2010,៤.១.១.២ អត្រាបញ្ចប់ការសិក្សានៅមធ្យមសិក្សាបឋមភូមិ,ព្រះសីហនុ,ប្រុស,,ភាគរយ,46.5
2011,៤.១.១.២ អត្រាបញ្ចប់ការសិក្សានៅមធ្យមសិក្សាបឋមភូមិ,ព្រះសីហនុ,ប្រុស,,ភាគរយ,39.4
2012,៤.១.១.២ អត្រាបញ្ចប់ការសិក្សានៅមធ្យមសិក្សាបឋមភូមិ,ព្រះសីហនុ,ប្រុស,,ភាគរយ,33.2
2013,៤.១.១.២ អត្រាបញ្ចប់ការសិក្សានៅមធ្យមសិក្សាបឋមភូមិ,ព្រះសីហនុ,ប្រុស,,ភាគរយ,31.9
2014,៤.១.១.២ អត្រាបញ្ចប់ការសិក្សានៅមធ្យមសិក្សាបឋមភូមិ,ព្រះសីហនុ,ប្រុស,,ភាគរយ,33.1
2015,៤.១.១.២ អត្រាបញ្ចប់ការសិក្សានៅមធ្យមសិក្សាបឋមភូមិ,ព្រះសីហនុ,ប្រុស,,ភាគរយ,30.5
2016,៤.១.១.២ អត្រាបញ្ចប់ការសិក្សានៅមធ្យមសិក្សាបឋមភូមិ,ព្រះសីហនុ,ប្រុស,,ភាគរយ,33.8
2017,៤.១.១.២ អត្រាបញ្ចប់ការសិក្សានៅមធ្យមសិក្សាបឋមភូមិ,ព្រះសីហនុ,ប្រុស,,ភាគរយ,27.6
2018,៤.១.១.២ អត្រាបញ្ចប់ការសិក្សានៅមធ្យមសិក្សាបឋមភូមិ,ព្រះសីហនុ,ប្រុស,,ភាគរយ,32.0
2019,៤.១.១.២ អត្រាបញ្ចប់ការសិក្សានៅមធ្យមសិក្សាបឋមភូមិ,ព្រះសីហនុ,ប្រុស,,ភាគរយ,29.3
2009,៤.១.១.២ អត្រាបញ្ចប់ការសិក្សានៅមធ្យមសិក្សាបឋមភូមិ,ព្រះសីហនុ,,,ភាគរយ,42.1
2010,៤.១.១.២ អត្រាបញ្ចប់ការសិក្សានៅមធ្យមសិក្សាបឋមភូមិ,ព្រះសីហនុ,,,ភាគរយ,43.0
2011,៤.១.១.២ អត្រាបញ្ចប់ការសិក្សានៅមធ្យមសិក្សាបឋមភូមិ,ព្រះសីហនុ,,,ភាគរយ,37.4
2012,៤.១.១.២ អត្រាបញ្ចប់ការសិក្សានៅមធ្យមសិក្សាបឋមភូមិ,ព្រះសីហនុ,,,ភាគរយ,33.6
2013,៤.១.១.២ អត្រាបញ្ចប់ការសិក្សានៅមធ្យមសិក្សាបឋមភូមិ,ព្រះសីហនុ,,,ភាគរយ,31.2
2014,៤.១.១.២ អត្រាបញ្ចប់ការសិក្សានៅមធ្យមសិក្សាបឋមភូមិ,ព្រះសីហនុ,,,ភាគរយ,32.1
2015,៤.១.១.២ អត្រាបញ្ចប់ការសិក្សានៅមធ្យមសិក្សាបឋមភូមិ,ព្រះសីហនុ,,,ភាគរយ,30.1
2016,៤.១.១.២ អត្រាបញ្ចប់ការសិក្សានៅមធ្យមសិក្សាបឋមភូមិ,ព្រះសីហនុ,,,ភាគរយ,33.7
2017,៤.១.១.២ អត្រាបញ្ចប់ការសិក្សានៅមធ្យមសិក្សាបឋមភូមិ,ព្រះសីហនុ,,,ភាគរយ,29.6
2018,៤.១.១.២ អត្រាបញ្ចប់ការសិក្សានៅមធ្យមសិក្សាបឋមភូមិ,ព្រះសីហនុ,,,ភាគរយ,33.0
2019,៤.១.១.២ អត្រាបញ្ចប់ការសិក្សានៅមធ្យមសិក្សាបឋមភូមិ,ព្រះសីហនុ,,,ភាគរយ,30.9
2009,៤.១.១.២ អត្រាបញ្ចប់ការសិក្សានៅមធ្យមសិក្សាបឋមភូមិ,ព្រះវិហារ,ស្រី,,ភាគរយ,39.0
2010,៤.១.១.២ អត្រាបញ្ចប់ការសិក្សានៅមធ្យមសិក្សាបឋមភូមិ,ព្រះវិហារ,ស្រី,,ភាគរយ,43.4
2011,៤.១.១.២ អត្រាបញ្ចប់ការសិក្សានៅមធ្យមសិក្សាបឋមភូមិ,ព្រះវិហារ,ស្រី,,ភាគរយ,38.4
2012,៤.១.១.២ អត្រាបញ្ចប់ការសិក្សានៅមធ្យមសិក្សាបឋមភូមិ,ព្រះវិហារ,ស្រី,,ភាគរយ,38.4
2013,៤.១.១.២ អត្រាបញ្ចប់ការសិក្សានៅមធ្យមសិក្សាបឋមភូមិ,ព្រះវិហារ,ស្រី,,ភាគរយ,44.5
2014,៤.១.១.២ អត្រាបញ្ចប់ការសិក្សានៅមធ្យមសិក្សាបឋមភូមិ,ព្រះវិហារ,ស្រី,,ភាគរយ,44.6
2015,៤.១.១.២ អត្រាបញ្ចប់ការសិក្សានៅមធ្យមសិក្សាបឋមភូមិ,ព្រះវិហារ,ស្រី,,ភាគរយ,42.4
2016,៤.១.១.២ អត្រាបញ្ចប់ការសិក្សានៅមធ្យមសិក្សាបឋមភូមិ,ព្រះវិហារ,ស្រី,,ភាគរយ,46.3
2017,៤.១.១.២ អត្រាបញ្ចប់ការសិក្សានៅមធ្យមសិក្សាបឋមភូមិ,ព្រះវិហារ,ស្រី,,ភាគរយ,53.5
2018,៤.១.១.២ អត្រាបញ្ចប់ការសិក្សានៅមធ្យមសិក្សាបឋមភូមិ,ព្រះវិហារ,ស្រី,,ភាគរយ,57.4
2019,៤.១.១.២ អត្រាបញ្ចប់ការសិក្សានៅមធ្យមសិក្សាបឋមភូមិ,ព្រះវិហារ,ស្រី,,ភាគរយ,58.3
2009,៤.១.១.២ អត្រាបញ្ចប់ការសិក្សានៅមធ្យមសិក្សាបឋមភូមិ,ព្រះវិហារ,ប្រុស,,ភាគរយ,37.5
2010,៤.១.១.២ អត្រាបញ្ចប់ការសិក្សានៅមធ្យមសិក្សាបឋមភូមិ,ព្រះវិហារ,ប្រុស,,ភាគរយ,43.2
2011,៤.១.១.២ អត្រាបញ្ចប់ការសិក្សានៅមធ្យមសិក្សាបឋមភូមិ,ព្រះវិហារ,ប្រុស,,ភាគរយ,35.5
2012,៤.១.១.២ អត្រាបញ្ចប់ការសិក្សានៅមធ្យមសិក្សាបឋមភូមិ,ព្រះវិហារ,ប្រុស,,ភាគរយ,36.1
2013,៤.១.១.២ អត្រាបញ្ចប់ការសិក្សានៅមធ្យមសិក្សាបឋមភូមិ,ព្រះវិហារ,ប្រុស,,ភាគរយ,36.4
2014,៤.១.១.២ អត្រាបញ្ចប់ការសិក្សានៅមធ្យមសិក្សាបឋមភូមិ,ព្រះវិហារ,ប្រុស,,ភាគរយ,35.8
2015,៤.១.១.២ អត្រាបញ្ចប់ការសិក្សានៅមធ្យមសិក្សាបឋមភូមិ,ព្រះវិហារ,ប្រុស,,ភាគរយ,35.3
2016,៤.១.១.២ អត្រាបញ្ចប់ការសិក្សានៅមធ្យមសិក្សាបឋមភូមិ,ព្រះវិហារ,ប្រុស,,ភាគរយ,38.0
2017,៤.១.១.២ អត្រាបញ្ចប់ការសិក្សានៅមធ្យមសិក្សាបឋមភូមិ,ព្រះវិហារ,ប្រុស,,ភាគរយ,40.8
2018,៤.១.១.២ អត្រាបញ្ចប់ការសិក្សានៅមធ្យមសិក្សាបឋមភូមិ,ព្រះវិហារ,ប្រុស,,ភាគរយ,43.9
2019,៤.១.១.២ អត្រាបញ្ចប់ការសិក្សានៅមធ្យមសិក្សាបឋមភូមិ,ព្រះវិហារ,ប្រុស,,ភាគរយ,45.3
2009,៤.១.១.២ អត្រាបញ្ចប់ការសិក្សានៅមធ្យមសិក្សាបឋមភូមិ,ព្រះវិហារ,,,ភាគរយ,38.2
2010,៤.១.១.២ អត្រាបញ្ចប់ការសិក្សានៅមធ្យមសិក្សាបឋមភូមិ,ព្រះវិហារ,,,ភាគរយ,43.3
2011,៤.១.១.២ អត្រាបញ្ចប់ការសិក្សានៅមធ្យមសិក្សាបឋមភូមិ,ព្រះវិហារ,,,ភាគរយ,37.0
2012,៤.១.១.២ អត្រាបញ្ចប់ការសិក្សានៅមធ្យមសិក្សាបឋមភូមិ,ព្រះវិហារ,,,ភាគរយ,37.2
2013,៤.១.១.២ អត្រាបញ្ចប់ការសិក្សានៅមធ្យមសិក្សាបឋមភូមិ,ព្រះវិហារ,,,ភាគរយ,40.3
2014,៤.១.១.២ អត្រាបញ្ចប់ការសិក្សានៅមធ្យមសិក្សាបឋមភូមិ,ព្រះវិហារ,,,ភាគរយ,40.1
2015,៤.១.១.២ អត្រាបញ្ចប់ការសិក្សានៅមធ្យមសិក្សាបឋមភូមិ,ព្រះវិហារ,,,ភាគរយ,38.8
2016,៤.១.១.២ អត្រាបញ្ចប់ការសិក្សានៅមធ្យមសិក្សាបឋមភូមិ,ព្រះវិហារ,,,ភាគរយ,42.1
2017,៤.១.១.២ អត្រាបញ្ចប់ការសិក្សានៅមធ្យមសិក្សាបឋមភូមិ,ព្រះវិហារ,,,ភាគរយ,47.0
2018,៤.១.១.២ អត្រាបញ្ចប់ការសិក្សានៅមធ្យមសិក្សាបឋមភូមិ,ព្រះវិហារ,,,ភាគរយ,50.5
2019,៤.១.១.២ អត្រាបញ្ចប់ការសិក្សានៅមធ្យមសិក្សាបឋមភូមិ,ព្រះវិហារ,,,ភាគរយ,51.6
2009,៤.១.១.២ អត្រាបញ្ចប់ការសិក្សានៅមធ្យមសិក្សាបឋមភូមិ,ព្រៃវែង,ស្រី,,ភាគរយ,43.7
2010,៤.១.១.២ អត្រាបញ្ចប់ការសិក្សានៅមធ្យមសិក្សាបឋមភូមិ,ព្រៃវែង,ស្រី,,ភាគរយ,44.2
2011,៤.១.១.២ អត្រាបញ្ចប់ការសិក្សានៅមធ្យមសិក្សាបឋមភូមិ,ព្រៃវែង,ស្រី,,ភាគរយ,41.0
2012,៤.១.១.២ អត្រាបញ្ចប់ការសិក្សានៅមធ្យមសិក្សាបឋមភូមិ,ព្រៃវែង,ស្រី,,ភាគរយ,38.3
2013,៤.១.១.២ អត្រាបញ្ចប់ការសិក្សានៅមធ្យមសិក្សាបឋមភូមិ,ព្រៃវែង,ស្រី,,ភាគរយ,39.8
2014,៤.១.១.២ អត្រាបញ្ចប់ការសិក្សានៅមធ្យមសិក្សាបឋមភូមិ,ព្រៃវែង,ស្រី,,ភាគរយ,42.8
2015,៤.១.១.២ អត្រាបញ្ចប់ការសិក្សានៅមធ្យមសិក្សាបឋមភូមិ,ព្រៃវែង,ស្រី,,ភាគរយ,46.2
2016,៤.១.១.២ អត្រាបញ្ចប់ការសិក្សានៅមធ្យមសិក្សាបឋមភូមិ,ព្រៃវែង,ស្រី,,ភាគរយ,51.0
2017,៤.១.១.២ អត្រាបញ្ចប់ការសិក្សានៅមធ្យមសិក្សាបឋមភូមិ,ព្រៃវែង,ស្រី,,ភាគរយ,58.7
2018,៤.១.១.២ អត្រាបញ្ចប់ការសិក្សានៅមធ្យមសិក្សាបឋមភូមិ,ព្រៃវែង,ស្រី,,ភាគរយ,60.2
2019,៤.១.១.២ អត្រាបញ្ចប់ការសិក្សានៅមធ្យមសិក្សាបឋមភូមិ,ព្រៃវែង,ស្រី,,ភាគរយ,57.9
2009,៤.១.១.២ អត្រាបញ្ចប់ការសិក្សានៅមធ្យមសិក្សាបឋមភូមិ,ព្រៃវែង,ប្រុស,,ភាគរយ,52.1
2010,៤.១.១.២ អត្រាបញ្ចប់ការសិក្សានៅមធ្យមសិក្សាបឋមភូមិ,ព្រៃវែង,ប្រុស,,ភាគរយ,53.8
2011,៤.១.១.២ អត្រាបញ្ចប់ការសិក្សានៅមធ្យមសិក្សាបឋមភូមិ,ព្រៃវែង,ប្រុស,,ភាគរយ,44.0
2012,៤.១.១.២ អត្រាបញ្ចប់ការសិក្សានៅមធ្យមសិក្សាបឋមភូមិ,ព្រៃវែង,ប្រុស,,ភាគរយ,41.7
2013,៤.១.១.២ អត្រាបញ្ចប់ការសិក្សានៅមធ្យមសិក្សាបឋមភូមិ,ព្រៃវែង,ប្រុស,,ភាគរយ,42.5
2014,៤.១.១.២ អត្រាបញ្ចប់ការសិក្សានៅមធ្យមសិក្សាបឋមភូមិ,ព្រៃវែង,ប្រុស,,ភាគរយ,43.0
2015,៤.១.១.២ អត្រាបញ្ចប់ការសិក្សានៅមធ្យមសិក្សាបឋមភូមិ,ព្រៃវែង,ប្រុស,,ភាគរយ,42.1
2016,៤.១.១.២ អត្រាបញ្ចប់ការសិក្សានៅមធ្យមសិក្សាបឋមភូមិ,ព្រៃវែង,ប្រុស,,ភាគរយ,44.9
2017,៤.១.១.២ អត្រាបញ្ចប់ការសិក្សានៅមធ្យមសិក្សាបឋមភូមិ,ព្រៃវែង,ប្រុស,,ភាគរយ,47.1
2018,៤.១.១.២ អត្រាបញ្ចប់ការសិក្សានៅមធ្យមសិក្សាបឋមភូមិ,ព្រៃវែង,ប្រុស,,ភាគរយ,47.1
2019,៤.១.១.២ អត្រាបញ្ចប់ការសិក្សានៅមធ្យមសិក្សាបឋមភូមិ,ព្រៃវែង,ប្រុស,,ភាគរយ,47.0
2009,៤.១.១.២ អត្រាបញ្ចប់ការសិក្សានៅមធ្យមសិក្សាបឋមភូមិ,ព្រៃវែង,,,ភាគរយ,48.0
2010,៤.១.១.២ អត្រាបញ្ចប់ការសិក្សានៅមធ្យមសិក្សាបឋមភូមិ,ព្រៃវែង,,,ភាគរយ,49.1
2011,៤.១.១.២ អត្រាបញ្ចប់ការសិក្សានៅមធ្យមសិក្សាបឋមភូមិ,ព្រៃវែង,,,ភាគរយ,42.6
2012,៤.១.១.២ អត្រាបញ្ចប់ការសិក្សានៅមធ្យមសិក្សាបឋមភូមិ,ព្រៃវែង,,,ភាគរយ,40.1
2013,៤.១.១.២ អត្រាបញ្ចប់ការសិក្សានៅមធ្យមសិក្សាបឋមភូមិ,ព្រៃវែង,,,ភាគរយ,41.2
2014,៤.១.១.២ អត្រាបញ្ចប់ការសិក្សានៅមធ្យមសិក្សាបឋមភូមិ,ព្រៃវែង,,,ភាគរយ,42.9
2015,៤.១.១.២ អត្រាបញ្ចប់ការសិក្សានៅមធ្យមសិក្សាបឋមភូមិ,ព្រៃវែង,,,ភាគរយ,44.0
2016,៤.១.១.២ អត្រាបញ្ចប់ការសិក្សានៅមធ្យមសិក្សាបឋមភូមិ,ព្រៃវែង,,,ភាគរយ,47.8
2017,៤.១.១.២ អត្រាបញ្ចប់ការសិក្សានៅមធ្យមសិក្សាបឋមភូមិ,ព្រៃវែង,,,ភាគរយ,52.6
2018,៤.១.១.២ អត្រាបញ្ចប់ការសិក្សានៅមធ្យមសិក្សាបឋមភូមិ,ព្រៃវែង,,,ភាគរយ,53.3
2019,៤.១.១.២ អត្រាបញ្ចប់ការសិក្សានៅមធ្យមសិក្សាបឋមភូមិ,ព្រៃវែង,,,ភាគរយ,52.2
2009,៤.១.១.២ អត្រាបញ្ចប់ការសិក្សានៅមធ្យមសិក្សាបឋមភូមិ,ពោធិសាត់,ស្រី,,ភាគរយ,47.4
2010,៤.១.១.២ អត្រាបញ្ចប់ការសិក្សានៅមធ្យមសិក្សាបឋមភូមិ,ពោធិសាត់,ស្រី,,ភាគរយ,46.6
2011,៤.១.១.២ អត្រាបញ្ចប់ការសិក្សានៅមធ្យមសិក្សាបឋមភូមិ,ពោធិសាត់,ស្រី,,ភាគរយ,38.6
2012,៤.១.១.២ អត្រាបញ្ចប់ការសិក្សានៅមធ្យមសិក្សាបឋមភូមិ,ពោធិសាត់,ស្រី,,ភាគរយ,33.3
2013,៤.១.១.២ អត្រាបញ្ចប់ការសិក្សានៅមធ្យមសិក្សាបឋមភូមិ,ពោធិសាត់,ស្រី,,ភាគរយ,35.3
2014,៤.១.១.២ អត្រាបញ្ចប់ការសិក្សានៅមធ្យមសិក្សាបឋមភូមិ,ពោធិសាត់,ស្រី,,ភាគរយ,35.1
2015,៤.១.១.២ អត្រាបញ្ចប់ការសិក្សានៅមធ្យមសិក្សាបឋមភូមិ,ពោធិសាត់,ស្រី,,ភាគរយ,36.3
2016,៤.១.១.២ អត្រាបញ្ចប់ការសិក្សានៅមធ្យមសិក្សាបឋមភូមិ,ពោធិសាត់,ស្រី,,ភាគរយ,41.3
2017,៤.១.១.២ អត្រាបញ្ចប់ការសិក្សានៅមធ្យមសិក្សាបឋមភូមិ,ពោធិសាត់,ស្រី,,ភាគរយ,45.9
2018,៤.១.១.២ អត្រាបញ្ចប់ការសិក្សានៅមធ្យមសិក្សាបឋមភូមិ,ពោធិសាត់,ស្រី,,ភាគរយ,45.8
2019,៤.១.១.២ អត្រាបញ្ចប់ការសិក្សានៅមធ្យមសិក្សាបឋមភូមិ,ពោធិសាត់,ស្រី,,ភាគរយ,47.0
2009,៤.១.១.២ អត្រាបញ្ចប់ការសិក្សានៅមធ្យមសិក្សាបឋមភូមិ,ពោធិសាត់,ប្រុស,,ភាគរយ,45.7
2010,៤.១.១.២ អត្រាបញ្ចប់ការសិក្សានៅមធ្យមសិក្សាបឋមភូមិ,ពោធិសាត់,ប្រុស,,ភាគរយ,44.5
2011,៤.១.១.២ អត្រាបញ្ចប់ការសិក្សានៅមធ្យមសិក្សាបឋមភូមិ,ពោធិសាត់,ប្រុស,,ភាគរយ,34.6
2012,៤.១.១.២ អត្រាបញ្ចប់ការសិក្សានៅមធ្យមសិក្សាបឋមភូមិ,ពោធិសាត់,ប្រុស,,ភាគរយ,31.2
2013,៤.១.១.២ អត្រាបញ្ចប់ការសិក្សានៅមធ្យមសិក្សាបឋមភូមិ,ពោធិសាត់,ប្រុស,,ភាគរយ,31.8
2014,៤.១.១.២ អត្រាបញ្ចប់ការសិក្សានៅមធ្យមសិក្សាបឋមភូមិ,ពោធិសាត់,ប្រុស,,ភាគរយ,30.1
2015,៤.១.១.២ អត្រាបញ្ចប់ការសិក្សានៅមធ្យមសិក្សាបឋមភូមិ,ពោធិសាត់,ប្រុស,,ភាគរយ,30.6
2016,៤.១.១.២ អត្រាបញ្ចប់ការសិក្សានៅមធ្យមសិក្សាបឋមភូមិ,ពោធិសាត់,ប្រុស,,ភាគរយ,36.3
2017,៤.១.១.២ អត្រាបញ្ចប់ការសិក្សានៅមធ្យមសិក្សាបឋមភូមិ,ពោធិសាត់,ប្រុស,,ភាគរយ,36.2
2018,៤.១.១.២ អត្រាបញ្ចប់ការសិក្សានៅមធ្យមសិក្សាបឋមភូមិ,ពោធិសាត់,ប្រុស,,ភាគរយ,36.5
2019,៤.១.១.២ អត្រាបញ្ចប់ការសិក្សានៅមធ្យមសិក្សាបឋមភូមិ,ពោធិសាត់,ប្រុស,,ភាគរយ,38.3
2009,៤.១.១.២ អត្រាបញ្ចប់ការសិក្សានៅមធ្យមសិក្សាបឋមភូមិ,ពោធិសាត់,,,ភាគរយ,46.5
2010,៤.១.១.២ អត្រាបញ្ចប់ការសិក្សានៅមធ្យមសិក្សាបឋមភូមិ,ពោធិសាត់,,,ភាគរយ,45.6
2011,៤.១.១.២ អត្រាបញ្ចប់ការសិក្សានៅមធ្យមសិក្សាបឋមភូមិ,ពោធិសាត់,,,ភាគរយ,36.5
2012,៤.១.១.២ អត្រាបញ្ចប់ការសិក្សានៅមធ្យមសិក្សាបឋមភូមិ,ពោធិសាត់,,,ភាគរយ,32.2
2013,៤.១.១.២ អត្រាបញ្ចប់ការសិក្សានៅមធ្យមសិក្សាបឋមភូមិ,ពោធិសាត់,,,ភាគរយ,33.5
2014,៤.១.១.២ អត្រាបញ្ចប់ការសិក្សានៅមធ្យមសិក្សាបឋមភូមិ,ពោធិសាត់,,,ភាគរយ,32.5
2015,៤.១.១.២ អត្រាបញ្ចប់ការសិក្សានៅមធ្យមសិក្សាបឋមភូមិ,ពោធិសាត់,,,ភាគរយ,33.4
2016,៤.១.១.២ អត្រាបញ្ចប់ការសិក្សានៅមធ្យមសិក្សាបឋមភូមិ,ពោធិសាត់,,,ភាគរយ,38.7
2017,៤.១.១.២ អត្រាបញ្ចប់ការសិក្សានៅមធ្យមសិក្សាបឋមភូមិ,ពោធិសាត់,,,ភាគរយ,40.9
2018,៤.១.១.២ អត្រាបញ្ចប់ការសិក្សានៅមធ្យមសិក្សាបឋមភូមិ,ពោធិសាត់,,,ភាគរយ,41.0
2019,៤.១.១.២ អត្រាបញ្ចប់ការសិក្សានៅមធ្យមសិក្សាបឋមភូមិ,ពោធិសាត់,,,ភាគរយ,42.5
2009,៤.១.១.២ អត្រាបញ្ចប់ការសិក្សានៅមធ្យមសិក្សាបឋមភូមិ,រតនគិរី,ស្រី,,ភាគរយ,16.9
2010,៤.១.១.២ អត្រាបញ្ចប់ការសិក្សានៅមធ្យមសិក្សាបឋមភូមិ,រតនគិរី,ស្រី,,ភាគរយ,16.8
2011,៤.១.១.២ អត្រាបញ្ចប់ការសិក្សានៅមធ្យមសិក្សាបឋមភូមិ,រតនគិរី,ស្រី,,ភាគរយ,18.9
2012,៤.១.១.២ អត្រាបញ្ចប់ការសិក្សានៅមធ្យមសិក្សាបឋមភូមិ,រតនគិរី,ស្រី,,ភាគរយ,21.3
2013,៤.១.១.២ អត្រាបញ្ចប់ការសិក្សានៅមធ្យមសិក្សាបឋមភូមិ,រតនគិរី,ស្រី,,ភាគរយ,22.8
2014,៤.១.១.២ អត្រាបញ្ចប់ការសិក្សានៅមធ្យមសិក្សាបឋមភូមិ,រតនគិរី,ស្រី,,ភាគរយ,24.1
2015,៤.១.១.២ អត្រាបញ្ចប់ការសិក្សានៅមធ្យមសិក្សាបឋមភូមិ,រតនគិរី,ស្រី,,ភាគរយ,23.7
2016,៤.១.១.២ អត្រាបញ្ចប់ការសិក្សានៅមធ្យមសិក្សាបឋមភូមិ,រតនគិរី,ស្រី,,ភាគរយ,28.8
2017,៤.១.១.២ អត្រាបញ្ចប់ការសិក្សានៅមធ្យមសិក្សាបឋមភូមិ,រតនគិរី,ស្រី,,ភាគរយ,34.4
2018,៤.១.១.២ អត្រាបញ្ចប់ការសិក្សានៅមធ្យមសិក្សាបឋមភូមិ,រតនគិរី,ស្រី,,ភាគរយ,40.5
2019,៤.១.១.២ អត្រាបញ្ចប់ការសិក្សានៅមធ្យមសិក្សាបឋមភូមិ,រតនគិរី,ស្រី,,ភាគរយ,48.2
2009,៤.១.១.២ អត្រាបញ្ចប់ការសិក្សានៅមធ្យមសិក្សាបឋមភូមិ,រតនគិរី,ប្រុស,,ភាគរយ,25.0
2010,៤.១.១.២ អត្រាបញ្ចប់ការសិក្សានៅមធ្យមសិក្សាបឋមភូមិ,រតនគិរី,ប្រុស,,ភាគរយ,25.8
2011,៤.១.១.២ អត្រាបញ្ចប់ការសិក្សានៅមធ្យមសិក្សាបឋមភូមិ,រតនគិរី,ប្រុស,,ភាគរយ,27.0
2012,៤.១.១.២ អត្រាបញ្ចប់ការសិក្សានៅមធ្យមសិក្សាបឋមភូមិ,រតនគិរី,ប្រុស,,ភាគរយ,26.5
2013,៤.១.១.២ អត្រាបញ្ចប់ការសិក្សានៅមធ្យមសិក្សាបឋមភូមិ,រតនគិរី,ប្រុស,,ភាគរយ,25.9
2014,៤.១.១.២ អត្រាបញ្ចប់ការសិក្សានៅមធ្យមសិក្សាបឋមភូមិ,រតនគិរី,ប្រុស,,ភាគរយ,26.2
2015,៤.១.១.២ អត្រាបញ្ចប់ការសិក្សានៅមធ្យមសិក្សាបឋមភូមិ,រតនគិរី,ប្រុស,,ភាគរយ,27.8
2016,៤.១.១.២ អត្រាបញ្ចប់ការសិក្សានៅមធ្យមសិក្សាបឋមភូមិ,រតនគិរី,ប្រុស,,ភាគរយ,31.5
2017,៤.១.១.២ អត្រាបញ្ចប់ការសិក្សានៅមធ្យមសិក្សាបឋមភូមិ,រតនគិរី,ប្រុស,,ភាគរយ,38.7
2018,៤.១.១.២ អត្រាបញ្ចប់ការសិក្សានៅមធ្យមសិក្សាបឋមភូមិ,រតនគិរី,ប្រុស,,ភាគរយ,40.4
2019,៤.១.១.២ អត្រាបញ្ចប់ការសិក្សានៅមធ្យមសិក្សាបឋមភូមិ,រតនគិរី,ប្រុស,,ភាគរយ,45.6
2009,៤.១.១.២ អត្រាបញ្ចប់ការសិក្សានៅមធ្យមសិក្សាបឋមភូមិ,រតនគិរី,,,ភាគរយ,21.1
2010,៤.១.១.២ អត្រាបញ្ចប់ការសិក្សានៅមធ្យមសិក្សាបឋមភូមិ,រតនគិរី,,,ភាគរយ,21.2
2011,៤.១.១.២ អត្រាបញ្ចប់ការសិក្សានៅមធ្យមសិក្សាបឋមភូមិ,រតនគិរី,,,ភាគរយ,23.1
2012,៤.១.១.២ អត្រាបញ្ចប់ការសិក្សានៅមធ្យមសិក្សាបឋមភូមិ,រតនគិរី,,,ភាគរយ,24.0
2013,៤.១.១.២ អត្រាបញ្ចប់ការសិក្សានៅមធ្យមសិក្សាបឋមភូមិ,រតនគិរី,,,ភាគរយ,24.4
2014,៤.១.១.២ អត្រាបញ្ចប់ការសិក្សានៅមធ្យមសិក្សាបឋមភូមិ,រតនគិរី,,,ភាគរយ,25.2
2015,៤.១.១.២ អត្រាបញ្ចប់ការសិក្សានៅមធ្យមសិក្សាបឋមភូមិ,រតនគិរី,,,ភាគរយ,25.8
2016,៤.១.១.២ អត្រាបញ្ចប់ការសិក្សានៅមធ្យមសិក្សាបឋមភូមិ,រតនគិរី,,,ភាគរយ,30.1
2017,៤.១.១.២ អត្រាបញ្ចប់ការសិក្សានៅមធ្យមសិក្សាបឋមភូមិ,រតនគិរី,,,ភាគរយ,36.7
2018,៤.១.១.២ អត្រាបញ្ចប់ការសិក្សានៅមធ្យមសិក្សាបឋមភូមិ,រតនគិរី,,,ភាគរយ,40.4
2019,៤.១.១.២ អត្រាបញ្ចប់ការសិក្សានៅមធ្យមសិក្សាបឋមភូមិ,រតនគិរី,,,ភាគរយ,46.8
2009,៤.១.១.២ អត្រាបញ្ចប់ការសិក្សានៅមធ្យមសិក្សាបឋមភូមិ,សៀមរាប,ស្រី,,ភាគរយ,43.7
2010,៤.១.១.២ អត្រាបញ្ចប់ការសិក្សានៅមធ្យមសិក្សាបឋមភូមិ,សៀមរាប,ស្រី,,ភាគរយ,46.6
2011,៤.១.១.២ អត្រាបញ្ចប់ការសិក្សានៅមធ្យមសិក្សាបឋមភូមិ,សៀមរាប,ស្រី,,ភាគរយ,42.3
2012,៤.១.១.២ អត្រាបញ្ចប់ការសិក្សានៅមធ្យមសិក្សាបឋមភូមិ,សៀមរាប,ស្រី,,ភាគរយ,40.8
2013,៤.១.១.២ អត្រាបញ្ចប់ការសិក្សានៅមធ្យមសិក្សាបឋមភូមិ,សៀមរាប,ស្រី,,ភាគរយ,41.5
2014,៤.១.១.២ អត្រាបញ្ចប់ការសិក្សានៅមធ្យមសិក្សាបឋមភូមិ,សៀមរាប,ស្រី,,ភាគរយ,42.3
2015,៤.១.១.២ អត្រាបញ្ចប់ការសិក្សានៅមធ្យមសិក្សាបឋមភូមិ,សៀមរាប,ស្រី,,ភាគរយ,43.8
2016,៤.១.១.២ អត្រាបញ្ចប់ការសិក្សានៅមធ្យមសិក្សាបឋមភូមិ,សៀមរាប,ស្រី,,ភាគរយ,49.9
2017,៤.១.១.២ អត្រាបញ្ចប់ការសិក្សានៅមធ្យមសិក្សាបឋមភូមិ,សៀមរាប,ស្រី,,ភាគរយ,52.3
2018,៤.១.១.២ អត្រាបញ្ចប់ការសិក្សានៅមធ្យមសិក្សាបឋមភូមិ,សៀមរាប,ស្រី,,ភាគរយ,56.0
2019,៤.១.១.២ អត្រាបញ្ចប់ការសិក្សានៅមធ្យមសិក្សាបឋមភូមិ,សៀមរាប,ស្រី,,ភាគរយ,55.8
2009,៤.១.១.២ អត្រាបញ្ចប់ការសិក្សានៅមធ្យមសិក្សាបឋមភូមិ,សៀមរាប,ប្រុស,,ភាគរយ,40.9
2010,៤.១.១.២ អត្រាបញ្ចប់ការសិក្សានៅមធ្យមសិក្សាបឋមភូមិ,សៀមរាប,ប្រុស,,ភាគរយ,43.6
2011,៤.១.១.២ អត្រាបញ្ចប់ការសិក្សានៅមធ្យមសិក្សាបឋមភូមិ,សៀមរាប,ប្រុស,,ភាគរយ,37.1
2012,៤.១.១.២ អត្រាបញ្ចប់ការសិក្សានៅមធ្យមសិក្សាបឋមភូមិ,សៀមរាប,ប្រុស,,ភាគរយ,33.3
2013,៤.១.១.២ អត្រាបញ្ចប់ការសិក្សានៅមធ្យមសិក្សាបឋមភូមិ,សៀមរាប,ប្រុស,,ភាគរយ,31.1
2014,៤.១.១.២ អត្រាបញ្ចប់ការសិក្សានៅមធ្យមសិក្សាបឋមភូមិ,សៀមរាប,ប្រុស,,ភាគរយ,31.8
2015,៤.១.១.២ អត្រាបញ្ចប់ការសិក្សានៅមធ្យមសិក្សាបឋមភូមិ,សៀមរាប,ប្រុស,,ភាគរយ,34.3
2016,៤.១.១.២ អត្រាបញ្ចប់ការសិក្សានៅមធ្យមសិក្សាបឋមភូមិ,សៀមរាប,ប្រុស,,ភាគរយ,35.8
2017,៤.១.១.២ អត្រាបញ្ចប់ការសិក្សានៅមធ្យមសិក្សាបឋមភូមិ,សៀមរាប,ប្រុស,,ភាគរយ,36.6
2018,៤.១.១.២ អត្រាបញ្ចប់ការសិក្សានៅមធ្យមសិក្សាបឋមភូមិ,សៀមរាប,ប្រុស,,ភាគរយ,40.1
2019,៤.១.១.២ អត្រាបញ្ចប់ការសិក្សានៅមធ្យមសិក្សាបឋមភូមិ,សៀមរាប,ប្រុស,,ភាគរយ,41.2
2009,៤.១.១.២ អត្រាបញ្ចប់ការសិក្សានៅមធ្យមសិក្សាបឋមភូមិ,សៀមរាប,,,ភាគរយ,42.3
2010,៤.១.១.២ អត្រាបញ្ចប់ការសិក្សានៅមធ្យមសិក្សាបឋមភូមិ,សៀមរាប,,,ភាគរយ,45.1
2011,៤.១.១.២ អត្រាបញ្ចប់ការសិក្សានៅមធ្យមសិក្សាបឋមភូមិ,សៀមរាប,,,ភាគរយ,39.6
2012,៤.១.១.២ អត្រាបញ្ចប់ការសិក្សានៅមធ្យមសិក្សាបឋមភូមិ,សៀមរាប,,,ភាគរយ,37.0
2013,៤.១.១.២ អត្រាបញ្ចប់ការសិក្សានៅមធ្យមសិក្សាបឋមភូមិ,សៀមរាប,,,ភាគរយ,36.2
2014,៤.១.១.២ អត្រាបញ្ចប់ការសិក្សានៅមធ្យមសិក្សាបឋមភូមិ,សៀមរាប,,,ភាគរយ,36.9
2015,៤.១.១.២ អត្រាបញ្ចប់ការសិក្សានៅមធ្យមសិក្សាបឋមភូមិ,សៀមរាប,,,ភាគរយ,38.9
2016,៤.១.១.២ អត្រាបញ្ចប់ការសិក្សានៅមធ្យមសិក្សាបឋមភូមិ,សៀមរាប,,,ភាគរយ,42.6
2017,៤.១.១.២ អត្រាបញ្ចប់ការសិក្សានៅមធ្យមសិក្សាបឋមភូមិ,សៀមរាប,,,ភាគរយ,44.2
2018,៤.១.១.២ អត្រាបញ្ចប់ការសិក្សានៅមធ្យមសិក្សាបឋមភូមិ,សៀមរាប,,,ភាគរយ,47.8
2019,៤.១.១.២ អត្រាបញ្ចប់ការសិក្សានៅមធ្យមសិក្សាបឋមភូមិ,សៀមរាប,,,ភាគរយ,48.3
2009,៤.១.១.២ អត្រាបញ្ចប់ការសិក្សានៅមធ្យមសិក្សាបឋមភូមិ,ស្ទឹងត្រែង,ស្រី,,ភាគរយ,38.0
2010,៤.១.១.២ អត្រាបញ្ចប់ការសិក្សានៅមធ្យមសិក្សាបឋមភូមិ,ស្ទឹងត្រែង,ស្រី,,ភាគរយ,40.3
2011,៤.១.១.២ អត្រាបញ្ចប់ការសិក្សានៅមធ្យមសិក្សាបឋមភូមិ,ស្ទឹងត្រែង,ស្រី,,ភាគរយ,36.0
2012,៤.១.១.២ អត្រាបញ្ចប់ការសិក្សានៅមធ្យមសិក្សាបឋមភូមិ,ស្ទឹងត្រែង,ស្រី,,ភាគរយ,30.9
2013,៤.១.១.២ អត្រាបញ្ចប់ការសិក្សានៅមធ្យមសិក្សាបឋមភូមិ,ស្ទឹងត្រែង,ស្រី,,ភាគរយ,30.3
2014,៤.១.១.២ អត្រាបញ្ចប់ការសិក្សានៅមធ្យមសិក្សាបឋមភូមិ,ស្ទឹងត្រែង,ស្រី,,ភាគរយ,27.7
2015,៤.១.១.២ អត្រាបញ្ចប់ការសិក្សានៅមធ្យមសិក្សាបឋមភូមិ,ស្ទឹងត្រែង,ស្រី,,ភាគរយ,27.4
2016,៤.១.១.២ អត្រាបញ្ចប់ការសិក្សានៅមធ្យមសិក្សាបឋមភូមិ,ស្ទឹងត្រែង,ស្រី,,ភាគរយ,28.9
2017,៤.១.១.២ អត្រាបញ្ចប់ការសិក្សានៅមធ្យមសិក្សាបឋមភូមិ,ស្ទឹងត្រែង,ស្រី,,ភាគរយ,34.0
2018,៤.១.១.២ អត្រាបញ្ចប់ការសិក្សានៅមធ្យមសិក្សាបឋមភូមិ,ស្ទឹងត្រែង,ស្រី,,ភាគរយ,36.8
2019,៤.១.១.២ អត្រាបញ្ចប់ការសិក្សានៅមធ្យមសិក្សាបឋមភូមិ,ស្ទឹងត្រែង,ស្រី,,ភាគរយ,40.4
2009,៤.១.១.២ អត្រាបញ្ចប់ការសិក្សានៅមធ្យមសិក្សាបឋមភូមិ,ស្ទឹងត្រែង,ប្រុស,,ភាគរយ,39.0
2010,៤.១.១.២ អត្រាបញ្ចប់ការសិក្សានៅមធ្យមសិក្សាបឋមភូមិ,ស្ទឹងត្រែង,ប្រុស,,ភាគរយ,42.9
2011,៤.១.១.២ អត្រាបញ្ចប់ការសិក្សានៅមធ្យមសិក្សាបឋមភូមិ,ស្ទឹងត្រែង,ប្រុស,,ភាគរយ,31.1
2012,៤.១.១.២ អត្រាបញ្ចប់ការសិក្សានៅមធ្យមសិក្សាបឋមភូមិ,ស្ទឹងត្រែង,ប្រុស,,ភាគរយ,30.7
2013,៤.១.១.២ អត្រាបញ្ចប់ការសិក្សានៅមធ្យមសិក្សាបឋមភូមិ,ស្ទឹងត្រែង,ប្រុស,,ភាគរយ,32.2
2014,៤.១.១.២ អត្រាបញ្ចប់ការសិក្សានៅមធ្យមសិក្សាបឋមភូមិ,ស្ទឹងត្រែង,ប្រុស,,ភាគរយ,29.5
2015,៤.១.១.២ អត្រាបញ្ចប់ការសិក្សានៅមធ្យមសិក្សាបឋមភូមិ,ស្ទឹងត្រែង,ប្រុស,,ភាគរយ,24.6
2016,៤.១.១.២ អត្រាបញ្ចប់ការសិក្សានៅមធ្យមសិក្សាបឋមភូមិ,ស្ទឹងត្រែង,ប្រុស,,ភាគរយ,27.8
2017,៤.១.១.២ អត្រាបញ្ចប់ការសិក្សានៅមធ្យមសិក្សាបឋមភូមិ,ស្ទឹងត្រែង,ប្រុស,,ភាគរយ,33.2
2018,៤.១.១.២ អត្រាបញ្ចប់ការសិក្សានៅមធ្យមសិក្សាបឋមភូមិ,ស្ទឹងត្រែង,ប្រុស,,ភាគរយ,34.6
2019,៤.១.១.២ អត្រាបញ្ចប់ការសិក្សានៅមធ្យមសិក្សាបឋមភូមិ,ស្ទឹងត្រែង,ប្រុស,,ភាគរយ,35.6
2009,៤.១.១.២ អត្រាបញ្ចប់ការសិក្សានៅមធ្យមសិក្សាបឋមភូមិ,ស្ទឹងត្រែង,,,ភាគរយ,38.5
2010,៤.១.១.២ អត្រាបញ្ចប់ការសិក្សានៅមធ្យមសិក្សាបឋមភូមិ,ស្ទឹងត្រែង,,,ភាគរយ,41.6
2011,៤.១.១.២ អត្រាបញ្ចប់ការសិក្សានៅមធ្យមសិក្សាបឋមភូមិ,ស្ទឹងត្រែង,,,ភាគរយ,33.5
2012,៤.១.១.២ អត្រាបញ្ចប់ការសិក្សានៅមធ្យមសិក្សាបឋមភូមិ,ស្ទឹងត្រែង,,,ភាគរយ,30.8
2013,៤.១.១.២ អត្រាបញ្ចប់ការសិក្សានៅមធ្យមសិក្សាបឋមភូមិ,ស្ទឹងត្រែង,,,ភាគរយ,31.2
2014,៤.១.១.២ អត្រាបញ្ចប់ការសិក្សានៅមធ្យមសិក្សាបឋមភូមិ,ស្ទឹងត្រែង,,,ភាគរយ,28.6
2015,៤.១.១.២ អត្រាបញ្ចប់ការសិក្សានៅមធ្យមសិក្សាបឋមភូមិ,ស្ទឹងត្រែង,,,ភាគរយ,26.0
2016,៤.១.១.២ អត្រាបញ្ចប់ការសិក្សានៅមធ្យមសិក្សាបឋមភូមិ,ស្ទឹងត្រែង,,,ភាគរយ,28.4
2017,៤.១.១.២ អត្រាបញ្ចប់ការសិក្សានៅមធ្យមសិក្សាបឋមភូមិ,ស្ទឹងត្រែង,,,ភាគរយ,33.6
2018,៤.១.១.២ អត្រាបញ្ចប់ការសិក្សានៅមធ្យមសិក្សាបឋមភូមិ,ស្ទឹងត្រែង,,,ភាគរយ,35.6
2019,៤.១.១.២ អត្រាបញ្ចប់ការសិក្សានៅមធ្យមសិក្សាបឋមភូមិ,ស្ទឹងត្រែង,,,ភាគរយ,38.0
2009,៤.១.១.២ អត្រាបញ្ចប់ការសិក្សានៅមធ្យមសិក្សាបឋមភូមិ,ស្វាយរៀង,ស្រី,,ភាគរយ,48.0
2010,៤.១.១.២ អត្រាបញ្ចប់ការសិក្សានៅមធ្យមសិក្សាបឋមភូមិ,ស្វាយរៀង,ស្រី,,ភាគរយ,38.7
2011,៤.១.១.២ អត្រាបញ្ចប់ការសិក្សានៅមធ្យមសិក្សាបឋមភូមិ,ស្វាយរៀង,ស្រី,,ភាគរយ,42.4
2012,៤.១.១.២ អត្រាបញ្ចប់ការសិក្សានៅមធ្យមសិក្សាបឋមភូមិ,ស្វាយរៀង,ស្រី,,ភាគរយ,40.3
2013,៤.១.១.២ អត្រាបញ្ចប់ការសិក្សានៅមធ្យមសិក្សាបឋមភូមិ,ស្វាយរៀង,ស្រី,,ភាគរយ,40.2
2014,៤.១.១.២ អត្រាបញ្ចប់ការសិក្សានៅមធ្យមសិក្សាបឋមភូមិ,ស្វាយរៀង,ស្រី,,ភាគរយ,44.6
2015,៤.១.១.២ អត្រាបញ្ចប់ការសិក្សានៅមធ្យមសិក្សាបឋមភូមិ,ស្វាយរៀង,ស្រី,,ភាគរយ,48.6
2016,៤.១.១.២ អត្រាបញ្ចប់ការសិក្សានៅមធ្យមសិក្សាបឋមភូមិ,ស្វាយរៀង,ស្រី,,ភាគរយ,56.6
2017,៤.១.១.២ អត្រាបញ្ចប់ការសិក្សានៅមធ្យមសិក្សាបឋមភូមិ,ស្វាយរៀង,ស្រី,,ភាគរយ,58.1
2018,៤.១.១.២ អត្រាបញ្ចប់ការសិក្សានៅមធ្យមសិក្សាបឋមភូមិ,ស្វាយរៀង,ស្រី,,ភាគរយ,62.9
2019,៤.១.១.២ អត្រាបញ្ចប់ការសិក្សានៅមធ្យមសិក្សាបឋមភូមិ,ស្វាយរៀង,ស្រី,,ភាគរយ,58.6
2009,៤.១.១.២ អត្រាបញ្ចប់ការសិក្សានៅមធ្យមសិក្សាបឋមភូមិ,ស្វាយរៀង,ប្រុស,,ភាគរយ,59.0
2010,៤.១.១.២ អត្រាបញ្ចប់ការសិក្សានៅមធ្យមសិក្សាបឋមភូមិ,ស្វាយរៀង,ប្រុស,,ភាគរយ,62.4
2011,៤.១.១.២ អត្រាបញ្ចប់ការសិក្សានៅមធ្យមសិក្សាបឋមភូមិ,ស្វាយរៀង,ប្រុស,,ភាគរយ,52.1
2012,៤.១.១.២ អត្រាបញ្ចប់ការសិក្សានៅមធ្យមសិក្សាបឋមភូមិ,ស្វាយរៀង,ប្រុស,,ភាគរយ,49.3
2013,៤.១.១.២ អត្រាបញ្ចប់ការសិក្សានៅមធ្យមសិក្សាបឋមភូមិ,ស្វាយរៀង,ប្រុស,,ភាគរយ,47.8
2014,៤.១.១.២ អត្រាបញ្ចប់ការសិក្សានៅមធ្យមសិក្សាបឋមភូមិ,ស្វាយរៀង,ប្រុស,,ភាគរយ,48.8
2015,៤.១.១.២ អត្រាបញ្ចប់ការសិក្សានៅមធ្យមសិក្សាបឋមភូមិ,ស្វាយរៀង,ប្រុស,,ភាគរយ,47.9
2016,៤.១.១.២ អត្រាបញ្ចប់ការសិក្សានៅមធ្យមសិក្សាបឋមភូមិ,ស្វាយរៀង,ប្រុស,,ភាគរយ,50.4
2017,៤.១.១.២ អត្រាបញ្ចប់ការសិក្សានៅមធ្យមសិក្សាបឋមភូមិ,ស្វាយរៀង,ប្រុស,,ភាគរយ,52.6
2018,៤.១.១.២ អត្រាបញ្ចប់ការសិក្សានៅមធ្យមសិក្សាបឋមភូមិ,ស្វាយរៀង,ប្រុស,,ភាគរយ,50.8
2019,៤.១.១.២ អត្រាបញ្ចប់ការសិក្សានៅមធ្យមសិក្សាបឋមភូមិ,ស្វាយរៀង,ប្រុស,,ភាគរយ,48.4
2009,៤.១.១.២ អត្រាបញ្ចប់ការសិក្សានៅមធ្យមសិក្សាបឋមភូមិ,ស្វាយរៀង,,,ភាគរយ,53.8
2010,៤.១.១.២ អត្រាបញ្ចប់ការសិក្សានៅមធ្យមសិក្សាបឋមភូមិ,ស្វាយរៀង,,,ភាគរយ,49.7
2011,៤.១.១.២ អត្រាបញ្ចប់ការសិក្សានៅមធ្យមសិក្សាបឋមភូមិ,ស្វាយរៀង,,,ភាគរយ,47.4
2012,៤.១.១.២ អត្រាបញ្ចប់ការសិក្សានៅមធ្យមសិក្សាបឋមភូមិ,ស្វាយរៀង,,,ភាគរយ,45.0
2013,៤.១.១.២ អត្រាបញ្ចប់ការសិក្សានៅមធ្យមសិក្សាបឋមភូមិ,ស្វាយរៀង,,,ភាគរយ,44.2
2014,៤.១.១.២ អត្រាបញ្ចប់ការសិក្សានៅមធ្យមសិក្សាបឋមភូមិ,ស្វាយរៀង,,,ភាគរយ,46.8
2015,៤.១.១.២ អត្រាបញ្ចប់ការសិក្សានៅមធ្យមសិក្សាបឋមភូមិ,ស្វាយរៀង,,,ភាគរយ,48.3
2016,៤.១.១.២ អត្រាបញ្ចប់ការសិក្សានៅមធ្យមសិក្សាបឋមភូមិ,ស្វាយរៀង,,,ភាគរយ,53.3
2017,៤.១.១.២ អត្រាបញ្ចប់ការសិក្សានៅមធ្យមសិក្សាបឋមភូមិ,ស្វាយរៀង,,,ភាគរយ,55.2
2018,៤.១.១.២ អត្រាបញ្ចប់ការសិក្សានៅមធ្យមសិក្សាបឋមភូមិ,ស្វាយរៀង,,,ភាគរយ,56.5
2019,៤.១.១.២ អត្រាបញ្ចប់ការសិក្សានៅមធ្យមសិក្សាបឋមភូមិ,ស្វាយរៀង,,,ភាគរយ,53.2
2009,៤.១.១.២ អត្រាបញ្ចប់ការសិក្សានៅមធ្យមសិក្សាបឋមភូមិ,តាកែវ,ស្រី,,ភាគរយ,60.8
2010,៤.១.១.២ អត្រាបញ្ចប់ការសិក្សានៅមធ្យមសិក្សាបឋមភូមិ,តាកែវ,ស្រី,,ភាគរយ,58.7
2011,៤.១.១.២ អត្រាបញ្ចប់ការសិក្សានៅមធ្យមសិក្សាបឋមភូមិ,តាកែវ,ស្រី,,ភាគរយ,52.7
2012,៤.១.១.២ អត្រាបញ្ចប់ការសិក្សានៅមធ្យមសិក្សាបឋមភូមិ,តាកែវ,ស្រី,,ភាគរយ,52.9
2013,៤.១.១.២ អត្រាបញ្ចប់ការសិក្សានៅមធ្យមសិក្សាបឋមភូមិ,តាកែវ,ស្រី,,ភាគរយ,52.9
2014,៤.១.១.២ អត្រាបញ្ចប់ការសិក្សានៅមធ្យមសិក្សាបឋមភូមិ,តាកែវ,ស្រី,,ភាគរយ,57.5
2015,៤.១.១.២ អត្រាបញ្ចប់ការសិក្សានៅមធ្យមសិក្សាបឋមភូមិ,តាកែវ,ស្រី,,ភាគរយ,57.6
2016,៤.១.១.២ អត្រាបញ្ចប់ការសិក្សានៅមធ្យមសិក្សាបឋមភូមិ,តាកែវ,ស្រី,,ភាគរយ,61.8
2017,៤.១.១.២ អត្រាបញ្ចប់ការសិក្សានៅមធ្យមសិក្សាបឋមភូមិ,តាកែវ,ស្រី,,ភាគរយ,65.7
2018,៤.១.១.២ អត្រាបញ្ចប់ការសិក្សានៅមធ្យមសិក្សាបឋមភូមិ,តាកែវ,ស្រី,,ភាគរយ,65.0
2019,៤.១.១.២ អត្រាបញ្ចប់ការសិក្សានៅមធ្យមសិក្សាបឋមភូមិ,តាកែវ,ស្រី,,ភាគរយ,60.3
2009,៤.១.១.២ អត្រាបញ្ចប់ការសិក្សានៅមធ្យមសិក្សាបឋមភូមិ,តាកែវ,ប្រុស,,ភាគរយ,69.4
2010,៤.១.១.២ អត្រាបញ្ចប់ការសិក្សានៅមធ្យមសិក្សាបឋមភូមិ,តាកែវ,ប្រុស,,ភាគរយ,66.2
2011,៤.១.១.២ អត្រាបញ្ចប់ការសិក្សានៅមធ្យមសិក្សាបឋមភូមិ,តាកែវ,ប្រុស,,ភាគរយ,58.9
2012,៤.១.១.២ អត្រាបញ្ចប់ការសិក្សានៅមធ្យមសិក្សាបឋមភូមិ,តាកែវ,ប្រុស,,ភាគរយ,56.3
2013,៤.១.១.២ អត្រាបញ្ចប់ការសិក្សានៅមធ្យមសិក្សាបឋមភូមិ,តាកែវ,ប្រុស,,ភាគរយ,55.2
2014,៤.១.១.២ អត្រាបញ្ចប់ការសិក្សានៅមធ្យមសិក្សាបឋមភូមិ,តាកែវ,ប្រុស,,ភាគរយ,57.1
2015,៤.១.១.២ អត្រាបញ្ចប់ការសិក្សានៅមធ្យមសិក្សាបឋមភូមិ,តាកែវ,ប្រុស,,ភាគរយ,54.0
2016,៤.១.១.២ អត្រាបញ្ចប់ការសិក្សានៅមធ្យមសិក្សាបឋមភូមិ,តាកែវ,ប្រុស,,ភាគរយ,55.5
2017,៤.១.១.២ អត្រាបញ្ចប់ការសិក្សានៅមធ្យមសិក្សាបឋមភូមិ,តាកែវ,ប្រុស,,ភាគរយ,57.8
2018,៤.១.១.២ អត្រាបញ្ចប់ការសិក្សានៅមធ្យមសិក្សាបឋមភូមិ,តាកែវ,ប្រុស,,ភាគរយ,55.7
2019,៤.១.១.២ អត្រាបញ្ចប់ការសិក្សានៅមធ្យមសិក្សាបឋមភូមិ,តាកែវ,ប្រុស,,ភាគរយ,50.0
2009,៤.១.១.២ អត្រាបញ្ចប់ការសិក្សានៅមធ្យមសិក្សាបឋមភូមិ,តាកែវ,,,ភាគរយ,65.3
2010,៤.១.១.២ អត្រាបញ្ចប់ការសិក្សានៅមធ្យមសិក្សាបឋមភូមិ,តាកែវ,,,ភាគរយ,62.5
2011,៤.១.១.២ អត្រាបញ្ចប់ការសិក្សានៅមធ្យមសិក្សាបឋមភូមិ,តាកែវ,,,ភាគរយ,55.9
2012,៤.១.១.២ អត្រាបញ្ចប់ការសិក្សានៅមធ្យមសិក្សាបឋមភូមិ,តាកែវ,,,ភាគរយ,54.7
2013,៤.១.១.២ អត្រាបញ្ចប់ការសិក្សានៅមធ្យមសិក្សាបឋមភូមិ,តាកែវ,,,ភាគរយ,54.1
2014,៤.១.១.២ អត្រាបញ្ចប់ការសិក្សានៅមធ្យមសិក្សាបឋមភូមិ,តាកែវ,,,ភាគរយ,57.3
2015,៤.១.១.២ អត្រាបញ្ចប់ការសិក្សានៅមធ្យមសិក្សាបឋមភូមិ,តាកែវ,,,ភាគរយ,55.7
2016,៤.១.១.២ អត្រាបញ្ចប់ការសិក្សានៅមធ្យមសិក្សាបឋមភូមិ,តាកែវ,,,ភាគរយ,58.5
2017,៤.១.១.២ អត្រាបញ្ចប់ការសិក្សានៅមធ្យមសិក្សាបឋមភូមិ,តាកែវ,,,ភាគរយ,61.5
2018,៤.១.១.២ អត្រាបញ្ចប់ការសិក្សានៅមធ្យមសិក្សាបឋមភូមិ,តាកែវ,,,ភាគរយ,60.1
2019,៤.១.១.២ អត្រាបញ្ចប់ការសិក្សានៅមធ្យមសិក្សាបឋមភូមិ,តាកែវ,,,ភាគរយ,54.9
2014,៤.១.១.២ អត្រាបញ្ចប់ការសិក្សានៅមធ្យមសិក្សាបឋមភូមិ,ត្បូងឃ្មុំ,ស្រី,,ភាគរយ,34.8
2015,៤.១.១.២ អត្រាបញ្ចប់ការសិក្សានៅមធ្យមសិក្សាបឋមភូមិ,ត្បូងឃ្មុំ,ស្រី,,ភាគរយ,35.3
2016,៤.១.១.២ អត្រាបញ្ចប់ការសិក្សានៅមធ្យមសិក្សាបឋមភូមិ,ត្បូងឃ្មុំ,ស្រី,,ភាគរយ,41.8
2017,៤.១.១.២ អត្រាបញ្ចប់ការសិក្សានៅមធ្យមសិក្សាបឋមភូមិ,ត្បូងឃ្មុំ,ស្រី,,ភាគរយ,45.4
2018,៤.១.១.២ អត្រាបញ្ចប់ការសិក្សានៅមធ្យមសិក្សាបឋមភូមិ,ត្បូងឃ្មុំ,ស្រី,,ភាគរយ,45.5
2019,៤.១.១.២ អត្រាបញ្ចប់ការសិក្សានៅមធ្យមសិក្សាបឋមភូមិ,ត្បូងឃ្មុំ,ស្រី,,ភាគរយ,47.2
2014,៤.១.១.២ អត្រាបញ្ចប់ការសិក្សានៅមធ្យមសិក្សាបឋមភូមិ,ត្បូងឃ្មុំ,ប្រុស,,ភាគរយ,30.3
2015,៤.១.១.២ អត្រាបញ្ចប់ការសិក្សានៅមធ្យមសិក្សាបឋមភូមិ,ត្បូងឃ្មុំ,ប្រុស,,ភាគរយ,29.7
2016,៤.១.១.២ អត្រាបញ្ចប់ការសិក្សានៅមធ្យមសិក្សាបឋមភូមិ,ត្បូងឃ្មុំ,ប្រុស,,ភាគរយ,31.2
2017,៤.១.១.២ អត្រាបញ្ចប់ការសិក្សានៅមធ្យមសិក្សាបឋមភូមិ,ត្បូងឃ្មុំ,ប្រុស,,ភាគរយ,33.8
2018,៤.១.១.២ អត្រាបញ្ចប់ការសិក្សានៅមធ្យមសិក្សាបឋមភូមិ,ត្បូងឃ្មុំ,ប្រុស,,ភាគរយ,35.2
2019,៤.១.១.២ អត្រាបញ្ចប់ការសិក្សានៅមធ្យមសិក្សាបឋមភូមិ,ត្បូងឃ្មុំ,ប្រុស,,ភាគរយ,34.6
2014,៤.១.១.២ អត្រាបញ្ចប់ការសិក្សានៅមធ្យមសិក្សាបឋមភូមិ,ត្បូងឃ្មុំ,,,ភាគរយ,32.5
2015,៤.១.១.២ អត្រាបញ្ចប់ការសិក្សានៅមធ្យមសិក្សាបឋមភូមិ,ត្បូងឃ្មុំ,,,ភាគរយ,32.4
2016,៤.១.១.២ អត្រាបញ្ចប់ការសិក្សានៅមធ្យមសិក្សាបឋមភូមិ,ត្បូងឃ្មុំ,,,ភាគរយ,36.3
2017,៤.១.១.២ អត្រាបញ្ចប់ការសិក្សានៅមធ្យមសិក្សាបឋមភូមិ,ត្បូងឃ្មុំ,,,ភាគរយ,39.4
2018,៤.១.១.២ អត្រាបញ្ចប់ការសិក្សានៅមធ្យមសិក្សាបឋមភូមិ,ត្បូងឃ្មុំ,,,ភាគរយ,40.1
2019,៤.១.១.២ អត្រាបញ្ចប់ការសិក្សានៅមធ្យមសិក្សាបឋមភូមិ,ត្បូងឃ្មុំ,,,ភាគរយ,40.6
